open_timestamp_utc,close_timestamp_utc,open,high,low,close,volume
1555671600,1555675199,2.208e-05,2.212e-05,2.206e-05,2.21e-05,54111
1555675200,1555678799,2.208e-05,2.209e-05,2.181e-05,2.205e-05,163006
1555678800,1555682399,2.205e-05,2.206e-05,2.195e-05,2.196e-05,89513
1555682400,1555685999,2.195e-05,2.201e-05,2.194e-05,2.197e-05,41232
1555686000,1555689599,2.197e-05,2.2e-05,2.179e-05,2.187e-05,142286
1555689600,1555693199,2.189e-05,2.195e-05,2.176e-05,2.186e-05,117441
1555693200,1555696799,2.188e-05,2.191e-05,2.184e-05,2.186e-05,92183
1555696800,1555700399,2.187e-05,2.187e-05,2.181e-05,2.182e-05,29922
1555700400,1555703999,2.181e-05,2.184e-05,2.179e-05,2.179e-05,50997
1555704000,1555707599,2.179e-05,2.191e-05,2.177e-05,2.189e-05,68048
1555707600,1555711199,2.185e-05,2.192e-05,2.184e-05,2.191e-05,43634
1555711200,1555714799,2.192e-05,2.221e-05,2.186e-05,2.194e-05,159421
1555714800,1555718399,2.189e-05,2.191e-05,2.18e-05,2.184e-05,52428
1555718400,1555721999,2.184e-05,2.193e-05,2.184e-05,2.19e-05,41511
1555722000,1555725599,2.19e-05,2.194e-05,2.187e-05,2.187e-05,20529
1555725600,1555729199,2.188e-05,2.195e-05,2.181e-05,2.193e-05,43877
1555729200,1555732799,2.193e-05,2.202e-05,2.189e-05,2.195e-05,10762
1555732800,1555736399,2.195e-05,2.222e-05,2.194e-05,2.204e-05,135651
1555736400,1555739999,2.204e-05,2.209e-05,2.2e-05,2.206e-05,20709
1555740000,1555743599,2.205e-05,2.206e-05,2.197e-05,2.203e-05,30063
1555743600,1555747199,2.198e-05,2.203e-05,2.194e-05,2.196e-05,9857
1555747200,1555750799,2.196e-05,2.204e-05,2.185e-05,2.204e-05,69224
1555750800,1555754399,2.2e-05,2.201e-05,2.185e-05,2.185e-05,34771
1555754400,1555757999,2.186e-05,2.186e-05,2.18e-05,2.181e-05,15305
1555758000,1555761599,2.18e-05,2.182e-05,2.177e-05,2.177e-05,8219
1555761600,1555765199,2.178e-05,2.182e-05,2.173e-05,2.18e-05,262713
1555765200,1555768799,2.182e-05,2.183e-05,2.178e-05,2.183e-05,31974
1555768800,1555772399,2.182e-05,2.185e-05,2.178e-05,2.18e-05,195645
1555772400,1555775999,2.18e-05,2.182e-05,2.176e-05,2.176e-05,75257
1555776000,1555779599,2.176e-05,2.212e-05,2.164e-05,2.164e-05,71123
1555779600,1555783199,2.164e-05,2.167e-05,2.16e-05,2.167e-05,67293
1555783200,1555786799,2.167e-05,2.167e-05,2.163e-05,2.163e-05,45947
1555786800,1555790399,2.164e-05,2.171e-05,2.16e-05,2.164e-05,64925
1555790400,1555793999,2.164e-05,2.164e-05,2.16e-05,2.162e-05,41464
1555794000,1555797599,2.162e-05,2.165e-05,2.158e-05,2.159e-05,127876
1555797600,1555801199,2.159e-05,2.173e-05,2.158e-05,2.17e-05,98617
1555801200,1555804799,2.165e-05,2.197e-05,2.164e-05,2.177e-05,71767
1555804800,1555808399,2.176e-05,2.183e-05,2.158e-05,2.161e-05,65629
1555808400,1555811999,2.162e-05,2.168e-05,2.158e-05,2.162e-05,90789
1555812000,1555815599,2.158e-05,2.16e-05,2.154e-05,2.157e-05,106650
1555815600,1555819199,2.157e-05,2.174e-05,2.157e-05,2.165e-05,22607
1555819200,1555822799,2.165e-05,2.167e-05,2.158e-05,2.158e-05,60729
1555822800,1555826399,2.162e-05,2.175e-05,2.151e-05,2.151e-05,21965
1555826400,1555829999,2.151e-05,2.154e-05,2.142e-05,2.144e-05,39263
1555830000,1555833599,2.144e-05,2.148e-05,2.138e-05,2.142e-05,11905
1555833600,1555837199,2.141e-05,2.155e-05,2.111e-05,2.114e-05,177687
1555837200,1555840799,2.114e-05,2.114e-05,2.072e-05,2.076e-05,88139
1555840800,1555844399,2.076e-05,2.109e-05,2.073e-05,2.099e-05,29376
1555844400,1555847999,2.099e-05,2.133e-05,2.099e-05,2.121e-05,25697
1555848000,1555851599,2.115e-05,2.115e-05,2.092e-05,2.101e-05,60297
1555851600,1555855199,2.101e-05,2.115e-05,2.093e-05,2.097e-05,84024
1555855200,1555858799,2.096e-05,2.101e-05,2.086e-05,2.087e-05,160563
1555858800,1555862399,2.087e-05,2.095e-05,2.087e-05,2.089e-05,91160
1555862400,1555865999,2.089e-05,2.096e-05,2.088e-05,2.095e-05,46294
1555866000,1555869599,2.094e-05,2.096e-05,2.083e-05,2.085e-05,65662
1555869600,1555873199,2.085e-05,2.094e-05,2.083e-05,2.089e-05,99089
1555873200,1555876799,2.086e-05,2.089e-05,2.083e-05,2.088e-05,65414
1555876800,1555880399,2.087e-05,2.1e-05,2.087e-05,2.097e-05,73541
1555880400,1555883999,2.096e-05,2.114e-05,2.092e-05,2.105e-05,99287
1555884000,1555887599,2.102e-05,2.106e-05,2.099e-05,2.102e-05,58516
1555887600,1555891199,2.1e-05,2.108e-05,2.1e-05,2.108e-05,28763
1555891200,1555894799,2.108e-05,2.108e-05,2.099e-05,2.102e-05,25112
1555894800,1555898399,2.104e-05,2.105e-05,2.086e-05,2.091e-05,70391
1555898400,1555901999,2.094e-05,2.095e-05,2.08e-05,2.08e-05,23838
1555902000,1555905599,2.084e-05,2.086e-05,2.075e-05,2.076e-05,54029
1555905600,1555909199,2.08e-05,2.129e-05,2.074e-05,2.125e-05,102979
1555909200,1555912799,2.125e-05,2.132e-05,2.115e-05,2.12e-05,20165
1555912800,1555916399,2.124e-05,2.128e-05,2.111e-05,2.116e-05,48233
1555916400,1555919999,2.116e-05,2.124e-05,2.114e-05,2.123e-05,12100
1555920000,1555923599,2.122e-05,2.129e-05,2.119e-05,2.122e-05,46038
1555923600,1555927199,2.119e-05,2.141e-05,2.117e-05,2.136e-05,23558
1555927200,1555930799,2.136e-05,2.152e-05,2.136e-05,2.146e-05,51768
1555930800,1555934399,2.145e-05,2.149e-05,2.141e-05,2.147e-05,35699
1555934400,1555937999,2.147e-05,2.167e-05,2.143e-05,2.151e-05,113948
1555938000,1555941599,2.151e-05,2.17e-05,2.147e-05,2.147e-05,143004
1555941600,1555945199,2.147e-05,2.147e-05,2.13e-05,2.135e-05,117985
1555945200,1555948799,2.135e-05,2.147e-05,2.128e-05,2.129e-05,209802
1555948800,1555952399,2.129e-05,2.129e-05,2.11e-05,2.114e-05,65437
1555952400,1555955999,2.114e-05,2.123e-05,2.11e-05,2.119e-05,51799
1555956000,1555959599,2.12e-05,2.12e-05,2.095e-05,2.095e-05,46595
1555959600,1555963199,2.096e-05,2.11e-05,2.091e-05,2.107e-05,86793
1555963200,1555966799,2.106e-05,2.109e-05,2.098e-05,2.099e-05,39595
1555966800,1555970399,2.099e-05,2.1e-05,2.085e-05,2.093e-05,89471
1555970400,1555973999,2.094e-05,2.1e-05,2.092e-05,2.1e-05,69957
1555974000,1555977599,2.1e-05,2.1e-05,2.092e-05,2.094e-05,57197
1555977600,1555981199,2.092e-05,2.094e-05,2.084e-05,2.084e-05,97992
1555981200,1555984799,2.088e-05,2.092e-05,2.084e-05,2.091e-05,107828
1555984800,1555988399,2.09e-05,2.095e-05,2.087e-05,2.089e-05,75943
1555988400,1555991999,2.092e-05,2.094e-05,2.062e-05,2.069e-05,171843
1555992000,1555995599,2.066e-05,2.069e-05,2.01e-05,2.044e-05,192025
1555995600,1555999199,2.036e-05,2.057e-05,2.036e-05,2.046e-05,121783
1555999200,1556002799,2.043e-05,2.048e-05,2.038e-05,2.039e-05,44343
1556002800,1556006399,2.04e-05,2.042e-05,2.034e-05,2.037e-05,94294
1556006400,1556009999,2.038e-05,2.039e-05,2.031e-05,2.035e-05,58102
1556010000,1556013599,2.04e-05,2.04e-05,2.027e-05,2.03e-05,30150
1556013600,1556017199,2.031e-05,2.038e-05,2.021e-05,2.021e-05,193220
1556017200,1556020799,2.021e-05,2.025e-05,2.015e-05,2.015e-05,127916
1556020800,1556024399,2.015e-05,2.019e-05,2.007e-05,2.008e-05,122175
1556024400,1556027999,2.008e-05,2.008e-05,1.999e-05,1.999e-05,102050
1556028000,1556031599,1.999e-05,2.001e-05,1.984e-05,1.988e-05,243675
1556031600,1556035199,1.988e-05,1.997e-05,1.981e-05,1.993e-05,187032
1556035200,1556038799,1.993e-05,1.996e-05,1.989e-05,1.99e-05,49422
1556038800,1556042399,1.99e-05,1.99e-05,1.97e-05,1.979e-05,272332
1556042400,1556045999,1.98e-05,1.98e-05,1.971e-05,1.98e-05,160542
1556046000,1556049599,1.979e-05,1.984e-05,1.962e-05,1.964e-05,195865
1556049600,1556053199,1.964e-05,1.977e-05,1.964e-05,1.975e-05,96745
1556053200,1556056799,1.974e-05,1.984e-05,1.966e-05,1.975e-05,260308
1556056800,1556060399,1.975e-05,1.984e-05,1.966e-05,1.97e-05,366258
1556060400,1556063999,1.97e-05,1.983e-05,1.97e-05,1.976e-05,150843
1556064000,1556067599,1.975e-05,1.978e-05,1.964e-05,1.968e-05,106944
1556067600,1556071199,1.967e-05,1.971e-05,1.924e-05,1.934e-05,226346
1556071200,1556074799,1.93e-05,1.935e-05,1.91e-05,1.929e-05,481821
1556074800,1556078399,1.933e-05,1.95e-05,1.932e-05,1.945e-05,83880
1556078400,1556081999,1.945e-05,1.946e-05,1.933e-05,1.935e-05,66193
1556082000,1556085599,1.937e-05,1.939e-05,1.917e-05,1.919e-05,72053
1556085600,1556089199,1.915e-05,1.925e-05,1.905e-05,1.91e-05,73399
1556089200,1556092799,1.907e-05,1.912e-05,1.885e-05,1.885e-05,172665
1556092800,1556096399,1.889e-05,1.918e-05,1.881e-05,1.885e-05,176608
1556096400,1556099999,1.886e-05,1.889e-05,1.871e-05,1.881e-05,174127
1556100000,1556103599,1.882e-05,1.885e-05,1.871e-05,1.874e-05,64706
1556103600,1556107199,1.877e-05,1.917e-05,1.871e-05,1.886e-05,249532
1556107200,1556110799,1.885e-05,1.901e-05,1.879e-05,1.879e-05,112057
1556110800,1556114399,1.879e-05,1.887e-05,1.859e-05,1.86e-05,93335
1556114400,1556117999,1.859e-05,1.868e-05,1.854e-05,1.854e-05,233673
1556118000,1556121599,1.854e-05,1.869e-05,1.849e-05,1.866e-05,152286
1556121600,1556125199,1.866e-05,1.866e-05,1.842e-05,1.851e-05,185508
1556125200,1556128799,1.851e-05,1.855e-05,1.838e-05,1.841e-05,199979
1556128800,1556132399,1.838e-05,1.867e-05,1.833e-05,1.862e-05,64844
1556132400,1556135999,1.864e-05,1.877e-05,1.857e-05,1.875e-05,53338
1556136000,1556139599,1.873e-05,1.892e-05,1.873e-05,1.887e-05,128451
1556139600,1556143199,1.889e-05,1.899e-05,1.875e-05,1.875e-05,160328
1556143200,1556146799,1.878e-05,1.896e-05,1.878e-05,1.89e-05,109227
1556146800,1556150399,1.89e-05,1.895e-05,1.88e-05,1.89e-05,86512
1556150400,1556153999,1.89e-05,1.899e-05,1.887e-05,1.897e-05,314888
1556154000,1556157599,1.896e-05,1.901e-05,1.886e-05,1.9e-05,29837
1556157600,1556161199,1.901e-05,1.93e-05,1.897e-05,1.913e-05,108271
1556161200,1556164799,1.914e-05,1.914e-05,1.895e-05,1.902e-05,13113
1556164800,1556168399,1.902e-05,1.912e-05,1.899e-05,1.909e-05,80091
1556168400,1556171999,1.902e-05,1.906e-05,1.896e-05,1.905e-05,9151
1556172000,1556175599,1.903e-05,1.908e-05,1.896e-05,1.903e-05,58075
1556175600,1556179199,1.904e-05,1.904e-05,1.894e-05,1.902e-05,5822
1556179200,1556182799,1.899e-05,1.906e-05,1.894e-05,1.902e-05,13622
1556182800,1556186399,1.9e-05,1.9e-05,1.896e-05,1.898e-05,2847
1556186400,1556189999,1.895e-05,1.905e-05,1.894e-05,1.904e-05,22014
1556190000,1556193599,1.903e-05,1.924e-05,1.899e-05,1.919e-05,16428
1556193600,1556197199,1.918e-05,1.926e-05,1.908e-05,1.926e-05,54157
1556197200,1556200799,1.925e-05,1.928e-05,1.918e-05,1.921e-05,47000
1556200800,1556204399,1.921e-05,1.93e-05,1.911e-05,1.923e-05,43978
1556204400,1556207999,1.924e-05,1.925e-05,1.921e-05,1.923e-05,39878
1556208000,1556211599,1.923e-05,1.93e-05,1.919e-05,1.927e-05,62912
1556211600,1556215199,1.928e-05,1.931e-05,1.915e-05,1.918e-05,61067
1556215200,1556218799,1.917e-05,1.92e-05,1.912e-05,1.913e-05,37393
1556218800,1556222399,1.913e-05,1.913e-05,1.903e-05,1.909e-05,37104
1556222400,1556225999,1.91e-05,1.913e-05,1.905e-05,1.911e-05,56181
1556226000,1556229599,1.912e-05,1.925e-05,1.905e-05,1.907e-05,63018
1556229600,1556233199,1.911e-05,1.918e-05,1.876e-05,1.901e-05,287050
1556233200,1556236799,1.897e-05,1.903e-05,1.881e-05,1.892e-05,112282
1556236800,1556240399,1.894e-05,1.903e-05,1.869e-05,1.89e-05,94988
1556240400,1556243999,1.892e-05,1.904e-05,1.863e-05,1.885e-05,99339
1556244000,1556247599,1.885e-05,1.897e-05,1.864e-05,1.864e-05,57609
1556247600,1556251199,1.857e-05,1.87e-05,1.854e-05,1.861e-05,170729
1556251200,1556254799,1.862e-05,1.882e-05,1.854e-05,1.86e-05,264944
1556254800,1556258399,1.86e-05,1.86e-05,1.85e-05,1.85e-05,51732
1556258400,1556261999,1.855e-05,1.861e-05,1.851e-05,1.851e-05,14800
1556262000,1556265599,1.85e-05,1.86e-05,1.848e-05,1.859e-05,20281
1556265600,1556269199,1.859e-05,1.893e-05,1.859e-05,1.887e-05,106852
1556269200,1556272799,1.888e-05,1.898e-05,1.88e-05,1.89e-05,26138
1556272800,1556276399,1.884e-05,1.891e-05,1.875e-05,1.884e-05,18654
1556276400,1556279999,1.88e-05,1.892e-05,1.875e-05,1.877e-05,27916
1556280000,1556283599,1.876e-05,1.888e-05,1.876e-05,1.881e-05,49839
1556283600,1556287199,1.88e-05,1.895e-05,1.88e-05,1.891e-05,30644
1556287200,1556290799,1.889e-05,1.89e-05,1.875e-05,1.875e-05,15178
1556290800,1556294399,1.876e-05,1.885e-05,1.874e-05,1.878e-05,26719
1556294400,1556297999,1.878e-05,1.894e-05,1.878e-05,1.892e-05,30611
1556298000,1556301599,1.889e-05,1.897e-05,1.886e-05,1.894e-05,25147
1556301600,1556305199,1.894e-05,1.898e-05,1.89e-05,1.89e-05,61790
1556305200,1556308799,1.89e-05,1.892e-05,1.88e-05,1.882e-05,122583
1556308800,1556312399,1.882e-05,1.889e-05,1.876e-05,1.882e-05,45774
1556312400,1556315999,1.882e-05,1.886e-05,1.878e-05,1.881e-05,35057
1556316000,1556319599,1.881e-05,1.885e-05,1.866e-05,1.88e-05,224053
1556319600,1556323199,1.88e-05,1.886e-05,1.877e-05,1.882e-05,47965
1556323200,1556326799,1.882e-05,1.893e-05,1.868e-05,1.882e-05,98394
1556326800,1556330399,1.88e-05,1.905e-05,1.878e-05,1.896e-05,75462
1556330400,1556333999,1.893e-05,1.897e-05,1.886e-05,1.891e-05,17440
1556334000,1556337599,1.893e-05,1.91e-05,1.891e-05,1.905e-05,31176
1556337600,1556341199,1.902e-05,1.903e-05,1.885e-05,1.891e-05,55959
1556341200,1556344799,1.89e-05,1.898e-05,1.889e-05,1.897e-05,12257
1556344800,1556348399,1.897e-05,1.902e-05,1.894e-05,1.896e-05,19720
1556348400,1556351999,1.896e-05,1.919e-05,1.896e-05,1.896e-05,60200
1556352000,1556355599,1.888e-05,1.891e-05,1.883e-05,1.884e-05,239441
1556355600,1556359199,1.886e-05,1.889e-05,1.876e-05,1.885e-05,19595
1556359200,1556362799,1.885e-05,1.891e-05,1.878e-05,1.891e-05,17784
1556362800,1556366399,1.882e-05,1.886e-05,1.876e-05,1.884e-05,7600
1556366400,1556369999,1.884e-05,1.888e-05,1.874e-05,1.877e-05,5685
1556370000,1556373599,1.878e-05,1.88e-05,1.872e-05,1.878e-05,165436
1556373600,1556377199,1.878e-05,1.882e-05,1.873e-05,1.879e-05,43956
1556377200,1556380799,1.878e-05,1.881e-05,1.875e-05,1.877e-05,47929
1556380800,1556384399,1.878e-05,1.885e-05,1.876e-05,1.884e-05,42181
1556384400,1556387999,1.882e-05,1.897e-05,1.882e-05,1.892e-05,41619
1556388000,1556391599,1.89e-05,1.903e-05,1.888e-05,1.903e-05,48904
1556391600,1556395199,1.903e-05,1.909e-05,1.895e-05,1.909e-05,73230
1556395200,1556398799,1.909e-05,1.917e-05,1.907e-05,1.91e-05,10861
1556398800,1556402399,1.91e-05,1.911e-05,1.894e-05,1.9e-05,34936
1556402400,1556405999,1.897e-05,1.907e-05,1.89e-05,1.896e-05,125360
1556406000,1556409599,1.895e-05,1.899e-05,1.891e-05,1.897e-05,20550
1556409600,1556413199,1.896e-05,1.9e-05,1.893e-05,1.899e-05,32834
1556413200,1556416799,1.899e-05,1.904e-05,1.898e-05,1.902e-05,36147
1556416800,1556420399,1.902e-05,1.932e-05,1.88e-05,1.9e-05,382696
1556420400,1556423999,1.9e-05,1.904e-05,1.897e-05,1.902e-05,1322
1556424000,1556427599,1.901e-05,1.909e-05,1.897e-05,1.906e-05,14813
1556427600,1556431199,1.906e-05,1.917e-05,1.906e-05,1.91e-05,14350
1556431200,1556434799,1.91e-05,1.918e-05,1.904e-05,1.907e-05,58909
1556434800,1556438399,1.91e-05,1.91e-05,1.901e-05,1.907e-05,12519
1556438400,1556441999,1.907e-05,1.907e-05,1.898e-05,1.899e-05,2379
1556442000,1556445599,1.899e-05,1.903e-05,1.895e-05,1.896e-05,10161
1556445600,1556449199,1.896e-05,1.898e-05,1.891e-05,1.896e-05,11367
1556449200,1556452799,1.895e-05,1.896e-05,1.888e-05,1.89e-05,43853
1556452800,1556456399,1.889e-05,1.89e-05,1.882e-05,1.884e-05,35569
1556456400,1556459999,1.884e-05,1.886e-05,1.87e-05,1.871e-05,41355
1556460000,1556463599,1.871e-05,1.876e-05,1.866e-05,1.867e-05,80080
1556463600,1556467199,1.869e-05,1.874e-05,1.865e-05,1.871e-05,67898
1556467200,1556470799,1.871e-05,1.878e-05,1.87e-05,1.878e-05,51151
1556470800,1556474399,1.876e-05,1.877e-05,1.857e-05,1.86e-05,37791
1556474400,1556477999,1.86e-05,1.864e-05,1.854e-05,1.862e-05,39225
1556478000,1556481599,1.862e-05,1.872e-05,1.858e-05,1.861e-05,52260
1556481600,1556485199,1.86e-05,1.874e-05,1.859e-05,1.864e-05,72469
1556485200,1556488799,1.864e-05,1.867e-05,1.854e-05,1.856e-05,55447
1556488800,1556492399,1.856e-05,1.863e-05,1.851e-05,1.857e-05,47841
1556492400,1556495999,1.858e-05,1.859e-05,1.852e-05,1.855e-05,30031
1556496000,1556499599,1.856e-05,1.877e-05,1.848e-05,1.85e-05,157977
1556499600,1556503199,1.85e-05,1.863e-05,1.848e-05,1.859e-05,25196
1556503200,1556506799,1.859e-05,1.864e-05,1.855e-05,1.861e-05,62024
1556506800,1556510399,1.861e-05,1.876e-05,1.859e-05,1.87e-05,13766
1556510400,1556513999,1.873e-05,1.877e-05,1.87e-05,1.873e-05,6302
1556514000,1556517599,1.873e-05,1.879e-05,1.866e-05,1.873e-05,54172
1556517600,1556521199,1.873e-05,1.879e-05,1.873e-05,1.877e-05,6983
1556521200,1556524799,1.874e-05,1.876e-05,1.866e-05,1.874e-05,4467
1556524800,1556528399,1.873e-05,1.873e-05,1.86e-05,1.868e-05,71102
1556528400,1556531999,1.868e-05,1.872e-05,1.865e-05,1.869e-05,31140
1556532000,1556535599,1.87e-05,1.887e-05,1.863e-05,1.863e-05,27391
1556535600,1556539199,1.863e-05,1.863e-05,1.835e-05,1.855e-05,222151
1556539200,1556542799,1.854e-05,1.856e-05,1.842e-05,1.856e-05,120744
1556542800,1556546399,1.854e-05,1.854e-05,1.828e-05,1.832e-05,80483
1556546400,1556549999,1.833e-05,1.836e-05,1.829e-05,1.832e-05,19581
1556550000,1556553599,1.832e-05,1.842e-05,1.829e-05,1.834e-05,119831
1556553600,1556557199,1.834e-05,1.848e-05,1.83e-05,1.845e-05,63164
1556557200,1556560799,1.846e-05,1.848e-05,1.835e-05,1.842e-05,53516
1556560800,1556564399,1.841e-05,1.845e-05,1.833e-05,1.84e-05,80364
1556564400,1556567999,1.84e-05,1.841e-05,1.831e-05,1.837e-05,21215
1556568000,1556571599,1.837e-05,1.838e-05,1.83e-05,1.831e-05,19827
1556571600,1556575199,1.831e-05,1.834e-05,1.825e-05,1.829e-05,71832
1556575200,1556578799,1.829e-05,1.831e-05,1.818e-05,1.818e-05,22347
1556578800,1556582399,1.82e-05,1.828e-05,1.815e-05,1.825e-05,121562
1556582400,1556585999,1.826e-05,1.837e-05,1.821e-05,1.832e-05,248356
1556586000,1556589599,1.827e-05,1.836e-05,1.825e-05,1.836e-05,76734
1556589600,1556593199,1.836e-05,1.848e-05,1.833e-05,1.841e-05,176826
1556593200,1556596799,1.841e-05,1.849e-05,1.838e-05,1.845e-05,93458
1556596800,1556600399,1.841e-05,1.841e-05,1.815e-05,1.834e-05,198309
1556600400,1556603999,1.834e-05,1.835e-05,1.821e-05,1.83e-05,36796
1556604000,1556607599,1.827e-05,1.831e-05,1.824e-05,1.828e-05,1699
1556607600,1556611199,1.827e-05,1.83e-05,1.825e-05,1.83e-05,4048
1556611200,1556614799,1.828e-05,1.832e-05,1.827e-05,1.828e-05,42490
1556614800,1556618399,1.829e-05,1.86e-05,1.823e-05,1.859e-05,89422
1556618400,1556621999,1.859e-05,1.876e-05,1.855e-05,1.874e-05,61167
1556622000,1556625599,1.873e-05,1.887e-05,1.873e-05,1.886e-05,53703
1556625600,1556629199,1.886e-05,1.892e-05,1.88e-05,1.887e-05,33853
1556629200,1556632799,1.885e-05,1.888e-05,1.874e-05,1.877e-05,183721
1556632800,1556636399,1.876e-05,1.887e-05,1.875e-05,1.884e-05,30105
1556636400,1556639999,1.884e-05,1.884e-05,1.875e-05,1.876e-05,67627
1556640000,1556643599,1.875e-05,1.877e-05,1.875e-05,1.876e-05,25525
1556643600,1556647199,1.876e-05,1.879e-05,1.872e-05,1.876e-05,47286
1556647200,1556650799,1.875e-05,1.899e-05,1.874e-05,1.88e-05,132293
1556650800,1556654399,1.879e-05,1.879e-05,1.864e-05,1.876e-05,140010
1556654400,1556657999,1.877e-05,1.877e-05,1.871e-05,1.874e-05,33275
1556658000,1556661599,1.874e-05,1.876e-05,1.871e-05,1.874e-05,32172
1556661600,1556665199,1.874e-05,1.916e-05,1.871e-05,1.887e-05,160145
1556665200,1556668799,1.888e-05,1.894e-05,1.884e-05,1.894e-05,14512
1556668800,1556672399,1.89e-05,1.897e-05,1.883e-05,1.893e-05,53749
1556672400,1556675999,1.894e-05,1.912e-05,1.89e-05,1.911e-05,93756
1556676000,1556679599,1.911e-05,1.934e-05,1.9e-05,1.905e-05,229437
1556679600,1556683199,1.901e-05,1.917e-05,1.892e-05,1.901e-05,101201
1556683200,1556686799,1.901e-05,1.916e-05,1.899e-05,1.903e-05,146036
1556686800,1556690399,1.903e-05,1.917e-05,1.903e-05,1.909e-05,7006
1556690400,1556693999,1.91e-05,1.912e-05,1.901e-05,1.912e-05,86805
1556694000,1556697599,1.907e-05,1.916e-05,1.902e-05,1.906e-05,16748
1556697600,1556701199,1.906e-05,1.908e-05,1.891e-05,1.892e-05,17084
1556701200,1556704799,1.892e-05,1.892e-05,1.884e-05,1.887e-05,29974
1556704800,1556708399,1.887e-05,1.887e-05,1.881e-05,1.885e-05,28904
1556708400,1556711999,1.882e-05,1.894e-05,1.881e-05,1.894e-05,24510
1556712000,1556715599,1.894e-05,1.894e-05,1.877e-05,1.885e-05,116534
1556715600,1556719199,1.883e-05,1.886e-05,1.869e-05,1.877e-05,74513
1556719200,1556722799,1.879e-05,1.901e-05,1.879e-05,1.888e-05,51996
1556722800,1556726399,1.888e-05,1.894e-05,1.88e-05,1.888e-05,49309
1556726400,1556729999,1.89e-05,1.894e-05,1.885e-05,1.89e-05,81978
1556730000,1556733599,1.894e-05,1.894e-05,1.881e-05,1.885e-05,113951
1556733600,1556737199,1.888e-05,1.888e-05,1.873e-05,1.874e-05,31877
1556737200,1556740799,1.873e-05,1.875e-05,1.866e-05,1.872e-05,78781
1556740800,1556744399,1.871e-05,1.876e-05,1.865e-05,1.872e-05,60324
1556744400,1556747999,1.871e-05,1.873e-05,1.86e-05,1.871e-05,134679
1556748000,1556751599,1.87e-05,1.873e-05,1.862e-05,1.87e-05,81223
1556751600,1556755199,1.87e-05,1.877e-05,1.869e-05,1.873e-05,191611
1556755200,1556758799,1.873e-05,1.876e-05,1.866e-05,1.866e-05,28038
1556758800,1556762399,1.864e-05,1.871e-05,1.86e-05,1.866e-05,122747
1556762400,1556765999,1.866e-05,1.876e-05,1.861e-05,1.874e-05,35117
1556766000,1556769599,1.874e-05,1.883e-05,1.872e-05,1.881e-05,113319
1556769600,1556773199,1.877e-05,1.881e-05,1.876e-05,1.879e-05,22244
1556773200,1556776799,1.879e-05,1.879e-05,1.871e-05,1.871e-05,23644
1556776800,1556780399,1.871e-05,1.877e-05,1.866e-05,1.874e-05,138267
1556780400,1556783999,1.871e-05,1.875e-05,1.867e-05,1.867e-05,4393
1556784000,1556787599,1.869e-05,1.869e-05,1.86e-05,1.861e-05,60087
1556787600,1556791199,1.861e-05,1.861e-05,1.852e-05,1.861e-05,23996
1556791200,1556794799,1.86e-05,1.861e-05,1.855e-05,1.857e-05,41791
1556794800,1556798399,1.857e-05,1.857e-05,1.851e-05,1.852e-05,46313
1556798400,1556801999,1.852e-05,1.87e-05,1.85e-05,1.859e-05,92971
1556802000,1556805599,1.859e-05,1.859e-05,1.848e-05,1.855e-05,169701
1556805600,1556809199,1.855e-05,1.855e-05,1.825e-05,1.829e-05,184383
1556809200,1556812799,1.83e-05,1.83e-05,1.816e-05,1.821e-05,261113
1556812800,1556816399,1.821e-05,1.828e-05,1.814e-05,1.825e-05,170688
1556816400,1556819999,1.824e-05,1.832e-05,1.817e-05,1.821e-05,66337
1556820000,1556823599,1.821e-05,1.822e-05,1.813e-05,1.819e-05,82734
1556823600,1556827199,1.816e-05,1.818e-05,1.81e-05,1.814e-05,89055
1556827200,1556830799,1.814e-05,1.814e-05,1.808e-05,1.81e-05,55596
1556830800,1556834399,1.81e-05,1.811e-05,1.805e-05,1.809e-05,105169
1556834400,1556837999,1.809e-05,1.817e-05,1.809e-05,1.817e-05,118462
1556838000,1556841599,1.815e-05,1.817e-05,1.81e-05,1.814e-05,51191
1556841600,1556845199,1.813e-05,1.819e-05,1.811e-05,1.811e-05,76582
1556845200,1556848799,1.811e-05,1.813e-05,1.805e-05,1.807e-05,67925
1556848800,1556852399,1.807e-05,1.817e-05,1.806e-05,1.817e-05,57821
1556852400,1556855999,1.817e-05,1.82e-05,1.802e-05,1.806e-05,70154
1556856000,1556859599,1.806e-05,1.807e-05,1.8e-05,1.8e-05,51746
1556859600,1556863199,1.802e-05,1.804e-05,1.8e-05,1.801e-05,27772
1556863200,1556866799,1.802e-05,1.809e-05,1.791e-05,1.792e-05,62680
1556866800,1556870399,1.792e-05,1.793e-05,1.748e-05,1.754e-05,183062
1556870400,1556873999,1.75e-05,1.766e-05,1.708e-05,1.717e-05,252620
1556874000,1556877599,1.71e-05,1.786e-05,1.71e-05,1.74e-05,193697
1556877600,1556881199,1.741e-05,1.765e-05,1.741e-05,1.753e-05,176425
1556881200,1556884799,1.752e-05,1.765e-05,1.75e-05,1.759e-05,138382
1556884800,1556888399,1.759e-05,1.763e-05,1.745e-05,1.755e-05,282140
1556888400,1556891999,1.761e-05,1.761e-05,1.753e-05,1.76e-05,103101
1556892000,1556895599,1.759e-05,1.768e-05,1.75e-05,1.764e-05,117609
1556895600,1556899199,1.764e-05,1.775e-05,1.764e-05,1.771e-05,55760
1556899200,1556902799,1.771e-05,1.778e-05,1.765e-05,1.777e-05,64606
1556902800,1556906399,1.778e-05,1.791e-05,1.774e-05,1.778e-05,122193
1556906400,1556909999,1.779e-05,1.787e-05,1.778e-05,1.782e-05,181001
1556910000,1556913599,1.782e-05,1.804e-05,1.775e-05,1.781e-05,221058
1556913600,1556917199,1.778e-05,1.779e-05,1.766e-05,1.77e-05,178904
1556917200,1556920799,1.77e-05,1.772e-05,1.765e-05,1.765e-05,58700
1556920800,1556924399,1.766e-05,1.78e-05,1.764e-05,1.768e-05,93793
1556924400,1556927999,1.766e-05,1.772e-05,1.765e-05,1.769e-05,78498
1556928000,1556931599,1.771e-05,1.773e-05,1.752e-05,1.755e-05,144255
1556931600,1556935199,1.755e-05,1.757e-05,1.744e-05,1.744e-05,33637
1556935200,1556938799,1.744e-05,1.775e-05,1.744e-05,1.758e-05,89443
1556938800,1556942399,1.758e-05,1.764e-05,1.741e-05,1.759e-05,146832
1556942400,1556945999,1.758e-05,1.758e-05,1.742e-05,1.746e-05,73136
1556946000,1556949599,1.748e-05,1.754e-05,1.744e-05,1.744e-05,24972
1556949600,1556953199,1.744e-05,1.752e-05,1.741e-05,1.741e-05,15039
1556953200,1556956799,1.742e-05,1.742e-05,1.734e-05,1.736e-05,14987
1556956800,1556960399,1.739e-05,1.739e-05,1.733e-05,1.734e-05,17377
1556960400,1556963999,1.738e-05,1.738e-05,1.723e-05,1.727e-05,8509
1556964000,1556967599,1.726e-05,1.73e-05,1.723e-05,1.726e-05,121968
1556967600,1556971199,1.725e-05,1.727e-05,1.719e-05,1.726e-05,117880
1556971200,1556974799,1.726e-05,1.729e-05,1.721e-05,1.723e-05,130230
1556974800,1556978399,1.724e-05,1.73e-05,1.701e-05,1.725e-05,237478
1556978400,1556981999,1.72e-05,1.737e-05,1.716e-05,1.731e-05,106282
1556982000,1556985599,1.732e-05,1.736e-05,1.729e-05,1.732e-05,46488
1556985600,1556989199,1.733e-05,1.736e-05,1.726e-05,1.73e-05,111024
1556989200,1556992799,1.731e-05,1.734e-05,1.729e-05,1.731e-05,44817
1556992800,1556996399,1.731e-05,1.733e-05,1.726e-05,1.729e-05,17926
1556996400,1556999999,1.728e-05,1.743e-05,1.725e-05,1.728e-05,123204
1557000000,1557003599,1.729e-05,1.729e-05,1.715e-05,1.716e-05,47412
1557003600,1557007199,1.715e-05,1.716e-05,1.676e-05,1.691e-05,180034
1557007200,1557010799,1.694e-05,1.694e-05,1.682e-05,1.688e-05,121700
1557010800,1557014399,1.684e-05,1.691e-05,1.681e-05,1.689e-05,70219
1557014400,1557017999,1.685e-05,1.71e-05,1.685e-05,1.69e-05,133127
1557018000,1557021599,1.689e-05,1.715e-05,1.688e-05,1.715e-05,126784
1557021600,1557025199,1.7e-05,1.713e-05,1.696e-05,1.699e-05,568108
1557025200,1557028799,1.699e-05,1.699e-05,1.69e-05,1.692e-05,12209
1557028800,1557032399,1.695e-05,1.706e-05,1.694e-05,1.701e-05,17481
1557032400,1557035999,1.701e-05,1.71e-05,1.701e-05,1.706e-05,28542
1557036000,1557039599,1.704e-05,1.718e-05,1.704e-05,1.71e-05,17795
1557039600,1557043199,1.71e-05,1.715e-05,1.71e-05,1.71e-05,16618
1557043200,1557046799,1.714e-05,1.719e-05,1.699e-05,1.706e-05,21847
1557046800,1557050399,1.706e-05,1.706e-05,1.693e-05,1.7e-05,29398
1557050400,1557053999,1.698e-05,1.7e-05,1.691e-05,1.693e-05,110252
1557054000,1557057599,1.693e-05,1.693e-05,1.688e-05,1.688e-05,20633
1557057600,1557061199,1.689e-05,1.693e-05,1.686e-05,1.686e-05,47474
1557061200,1557064799,1.683e-05,1.69e-05,1.683e-05,1.689e-05,58573
1557064800,1557068399,1.686e-05,1.702e-05,1.683e-05,1.691e-05,83258
1557068400,1557071999,1.692e-05,1.708e-05,1.689e-05,1.706e-05,39301
1557072000,1557075599,1.706e-05,1.706e-05,1.691e-05,1.691e-05,33949
1557075600,1557079199,1.692e-05,1.694e-05,1.689e-05,1.691e-05,81203
1557079200,1557082799,1.691e-05,1.694e-05,1.678e-05,1.678e-05,88715
1557082800,1557086399,1.679e-05,1.683e-05,1.678e-05,1.682e-05,110027
1557086400,1557089999,1.683e-05,1.688e-05,1.681e-05,1.682e-05,71441
1557090000,1557093599,1.681e-05,1.686e-05,1.673e-05,1.68e-05,124372
1557093600,1557097199,1.679e-05,1.686e-05,1.677e-05,1.682e-05,187433
1557097200,1557100799,1.682e-05,1.683e-05,1.676e-05,1.679e-05,21009
1557100800,1557104399,1.677e-05,1.686e-05,1.677e-05,1.685e-05,121530
1557104400,1557107999,1.684e-05,1.692e-05,1.672e-05,1.685e-05,534682
1557108000,1557111599,1.685e-05,1.689e-05,1.681e-05,1.684e-05,15462
1557111600,1557115199,1.685e-05,1.688e-05,1.675e-05,1.675e-05,80771
1557115200,1557118799,1.678e-05,1.684e-05,1.677e-05,1.684e-05,18819
1557118800,1557122399,1.681e-05,1.685e-05,1.673e-05,1.675e-05,20376
1557122400,1557125999,1.674e-05,1.682e-05,1.672e-05,1.675e-05,21973
1557126000,1557129599,1.674e-05,1.679e-05,1.662e-05,1.662e-05,42647
1557129600,1557133199,1.664e-05,1.665e-05,1.654e-05,1.658e-05,52861
1557133200,1557136799,1.657e-05,1.676e-05,1.653e-05,1.675e-05,42538
1557136800,1557140399,1.671e-05,1.682e-05,1.671e-05,1.675e-05,45269
1557140400,1557143999,1.675e-05,1.678e-05,1.67e-05,1.671e-05,33032
1557144000,1557147599,1.674e-05,1.687e-05,1.668e-05,1.672e-05,251557
1557147600,1557151199,1.671e-05,1.684e-05,1.666e-05,1.671e-05,145680
1557151200,1557154799,1.67e-05,1.69e-05,1.669e-05,1.688e-05,101322
1557154800,1557158399,1.687e-05,1.696e-05,1.678e-05,1.695e-05,103369
1557158400,1557161999,1.693e-05,1.709e-05,1.692e-05,1.707e-05,156074
1557162000,1557165599,1.706e-05,1.711e-05,1.696e-05,1.706e-05,61205
1557165600,1557169199,1.706e-05,1.71e-05,1.695e-05,1.696e-05,216893
1557169200,1557172799,1.695e-05,1.701e-05,1.69e-05,1.692e-05,222108
1557172800,1557176399,1.692e-05,1.72e-05,1.691e-05,1.718e-05,290029
1557176400,1557179999,1.716e-05,1.718e-05,1.697e-05,1.706e-05,50666
1557180000,1557183599,1.705e-05,1.705e-05,1.696e-05,1.704e-05,18014
1557183600,1557187199,1.699e-05,1.701e-05,1.687e-05,1.69e-05,32744
1557187200,1557190799,1.688e-05,1.706e-05,1.688e-05,1.699e-05,25622
1557190800,1557194399,1.699e-05,1.699e-05,1.688e-05,1.692e-05,109403
1557194400,1557197999,1.692e-05,1.696e-05,1.662e-05,1.662e-05,84510
1557198000,1557201599,1.664e-05,1.668e-05,1.65e-05,1.666e-05,221488
1557201600,1557205199,1.666e-05,1.67e-05,1.66e-05,1.662e-05,32937
1557205200,1557208799,1.662e-05,1.663e-05,1.646e-05,1.65e-05,65406
1557208800,1557212399,1.649e-05,1.651e-05,1.64e-05,1.648e-05,93588
1557212400,1557215999,1.645e-05,1.651e-05,1.642e-05,1.645e-05,10034
1557216000,1557219599,1.645e-05,1.647e-05,1.639e-05,1.643e-05,14615
1557219600,1557223199,1.643e-05,1.644e-05,1.628e-05,1.63e-05,59468
1557223200,1557226799,1.632e-05,1.636e-05,1.626e-05,1.63e-05,60182
1557226800,1557230399,1.629e-05,1.636e-05,1.627e-05,1.632e-05,47268
1557230400,1557233999,1.632e-05,1.634e-05,1.627e-05,1.631e-05,77669
1557234000,1557237599,1.63e-05,1.635e-05,1.623e-05,1.625e-05,138406
1557237600,1557241199,1.629e-05,1.631e-05,1.615e-05,1.617e-05,212590
1557241200,1557244799,1.617e-05,1.623e-05,1.61e-05,1.613e-05,89576
1557244800,1557248399,1.61e-05,1.617e-05,1.604e-05,1.604e-05,179565
1557248400,1557251999,1.606e-05,1.606e-05,1.597e-05,1.597e-05,97290
1557252000,1557255599,1.6e-05,1.603e-05,1.592e-05,1.599e-05,271402
1557255600,1557259199,1.599e-05,1.605e-05,1.591e-05,1.593e-05,363074
1557259200,1557262799,1.592e-05,1.597e-05,1.589e-05,1.59e-05,149104
1557262800,1557266399,1.593e-05,1.608e-05,1.591e-05,1.597e-05,68531
1557266400,1557269999,1.598e-05,1.598e-05,1.59e-05,1.591e-05,44285
1557270000,1557273599,1.594e-05,1.613e-05,1.59e-05,1.598e-05,187949
1557273600,1557277199,1.601e-05,1.608e-05,1.57e-05,1.572e-05,232537
1557277200,1557280799,1.572e-05,1.586e-05,1.566e-05,1.586e-05,38027
1557280800,1557284399,1.583e-05,1.584e-05,1.575e-05,1.575e-05,121998
1557284400,1557287999,1.578e-05,1.581e-05,1.575e-05,1.575e-05,218564
1557288000,1557291599,1.576e-05,1.578e-05,1.57e-05,1.577e-05,25840
1557291600,1557295199,1.578e-05,1.588e-05,1.574e-05,1.575e-05,75916
1557295200,1557298799,1.58e-05,1.589e-05,1.573e-05,1.579e-05,48397
1557298800,1557302399,1.58e-05,1.583e-05,1.568e-05,1.582e-05,110097
1557302400,1557305999,1.579e-05,1.585e-05,1.576e-05,1.58e-05,268727
1557306000,1557309599,1.581e-05,1.582e-05,1.571e-05,1.572e-05,66499
1557309600,1557313199,1.573e-05,1.577e-05,1.57e-05,1.573e-05,89325
1557313200,1557316799,1.575e-05,1.585e-05,1.57e-05,1.572e-05,83493
1557316800,1557320399,1.576e-05,1.581e-05,1.569e-05,1.569e-05,37301
1557320400,1557323999,1.571e-05,1.574e-05,1.566e-05,1.567e-05,22724
1557324000,1557327599,1.57e-05,1.572e-05,1.561e-05,1.566e-05,97457
1557327600,1557331199,1.568e-05,1.569e-05,1.55e-05,1.558e-05,122839
1557331200,1557334799,1.56e-05,1.562e-05,1.551e-05,1.556e-05,31017
1557334800,1557338399,1.557e-05,1.557e-05,1.525e-05,1.55e-05,336488
1557338400,1557341999,1.555e-05,1.579e-05,1.547e-05,1.556e-05,172133
1557342000,1557345599,1.552e-05,1.558e-05,1.544e-05,1.544e-05,56900
1557345600,1557349199,1.548e-05,1.554e-05,1.542e-05,1.55e-05,83168
1557349200,1557352799,1.552e-05,1.559e-05,1.551e-05,1.553e-05,72507
1557352800,1557356399,1.553e-05,1.56e-05,1.543e-05,1.543e-05,124798
1557356400,1557359999,1.546e-05,1.555e-05,1.538e-05,1.539e-05,157581
1557360000,1557363599,1.539e-05,1.546e-05,1.535e-05,1.537e-05,64989
1557363600,1557367199,1.537e-05,1.54e-05,1.524e-05,1.525e-05,118455
1557367200,1557370799,1.527e-05,1.532e-05,1.509e-05,1.517e-05,276973
1557370800,1557374399,1.52e-05,1.522e-05,1.504e-05,1.509e-05,314798
1557374400,1557377999,1.51e-05,1.514e-05,1.495e-05,1.499e-05,218259
1557378000,1557381599,1.499e-05,1.499e-05,1.484e-05,1.49e-05,169232
1557381600,1557385199,1.49e-05,1.492e-05,1.476e-05,1.476e-05,119575
1557385200,1557388799,1.483e-05,1.486e-05,1.468e-05,1.484e-05,241339
1557388800,1557392399,1.482e-05,1.496e-05,1.479e-05,1.485e-05,68048
1557392400,1557395999,1.486e-05,1.509e-05,1.473e-05,1.485e-05,694048
1557396000,1557399599,1.485e-05,1.485e-05,1.478e-05,1.482e-05,98749
1557399600,1557403199,1.484e-05,1.49e-05,1.465e-05,1.477e-05,672892
1557403200,1557406799,1.481e-05,1.485e-05,1.47e-05,1.475e-05,138179
1557406800,1557410399,1.477e-05,1.496e-05,1.475e-05,1.477e-05,106829
1557410400,1557413999,1.477e-05,1.485e-05,1.476e-05,1.478e-05,95465
1557414000,1557417599,1.48e-05,1.484e-05,1.47e-05,1.475e-05,198410
1557417600,1557421199,1.479e-05,1.492e-05,1.458e-05,1.464e-05,48452
1557421200,1557424799,1.463e-05,1.494e-05,1.45e-05,1.459e-05,92531
1557424800,1557428399,1.459e-05,1.459e-05,1.423e-05,1.429e-05,328802
1557428400,1557431999,1.429e-05,1.438e-05,1.427e-05,1.435e-05,85007
1557432000,1557435599,1.432e-05,1.437e-05,1.426e-05,1.429e-05,201135
1557435600,1557439199,1.434e-05,1.44e-05,1.418e-05,1.432e-05,281397
1557439200,1557442799,1.432e-05,1.44e-05,1.42e-05,1.43e-05,238123
1557442800,1557446399,1.43e-05,1.448e-05,1.427e-05,1.438e-05,173988
1557446400,1557449999,1.435e-05,1.447e-05,1.427e-05,1.437e-05,191822
1557450000,1557453599,1.437e-05,1.458e-05,1.422e-05,1.442e-05,256839
1557453600,1557457199,1.431e-05,1.436e-05,1.404e-05,1.408e-05,251936
1557457200,1557460799,1.408e-05,1.418e-05,1.388e-05,1.409e-05,492742
1557460800,1557464399,1.401e-05,1.471e-05,1.4e-05,1.461e-05,145684
1557464400,1557467999,1.466e-05,1.469e-05,1.443e-05,1.457e-05,137399
1557468000,1557471599,1.457e-05,1.468e-05,1.449e-05,1.466e-05,70271
1557471600,1557475199,1.466e-05,1.467e-05,1.436e-05,1.452e-05,163667
1557475200,1557478799,1.44e-05,1.461e-05,1.438e-05,1.443e-05,140808
1557478800,1557482399,1.455e-05,1.458e-05,1.44e-05,1.449e-05,180985
1557482400,1557485999,1.45e-05,1.465e-05,1.447e-05,1.462e-05,54186
1557486000,1557489599,1.456e-05,1.486e-05,1.455e-05,1.462e-05,46381
1557489600,1557493199,1.467e-05,1.477e-05,1.458e-05,1.475e-05,151747
1557493200,1557496799,1.464e-05,1.486e-05,1.464e-05,1.467e-05,99255
1557496800,1557500399,1.468e-05,1.486e-05,1.468e-05,1.477e-05,46240
1557500400,1557503999,1.477e-05,1.489e-05,1.464e-05,1.474e-05,97158
1557504000,1557507599,1.465e-05,1.473e-05,1.438e-05,1.445e-05,422864
1557507600,1557511199,1.445e-05,1.457e-05,1.441e-05,1.441e-05,136836
1557511200,1557514799,1.445e-05,1.45e-05,1.435e-05,1.44e-05,395704
1557514800,1557518399,1.442e-05,1.449e-05,1.438e-05,1.445e-05,74661
1557518400,1557521999,1.445e-05,1.47e-05,1.445e-05,1.464e-05,19208
1557522000,1557525599,1.464e-05,1.469e-05,1.448e-05,1.455e-05,374824
1557525600,1557529199,1.455e-05,1.457e-05,1.439e-05,1.445e-05,98134
1557529200,1557532799,1.443e-05,1.456e-05,1.437e-05,1.449e-05,116046
1557532800,1557536399,1.448e-05,1.459e-05,1.445e-05,1.449e-05,49986
1557536400,1557539999,1.452e-05,1.469e-05,1.438e-05,1.439e-05,132615
1557540000,1557543599,1.443e-05,1.578e-05,1.436e-05,1.455e-05,233968
1557543600,1557547199,1.455e-05,1.497e-05,1.438e-05,1.449e-05,162983
1557547200,1557550799,1.445e-05,1.478e-05,1.44e-05,1.456e-05,195771
1557550800,1557554399,1.455e-05,1.457e-05,1.411e-05,1.425e-05,461755
1557554400,1557557999,1.425e-05,1.426e-05,1.364e-05,1.377e-05,248403
1557558000,1557561599,1.381e-05,1.39e-05,1.374e-05,1.386e-05,175840
1557561600,1557565199,1.386e-05,1.453e-05,1.38e-05,1.452e-05,219765
1557565200,1557568799,1.452e-05,1.466e-05,1.43e-05,1.434e-05,261792
1557568800,1557572399,1.433e-05,1.481e-05,1.433e-05,1.471e-05,211995
1557572400,1557575999,1.472e-05,1.477e-05,1.439e-05,1.45e-05,270935
1557576000,1557579599,1.45e-05,1.46e-05,1.439e-05,1.451e-05,103768
1557579600,1557583199,1.465e-05,1.478e-05,1.448e-05,1.455e-05,168985
1557583200,1557586799,1.455e-05,1.483e-05,1.451e-05,1.48e-05,200576
1557586800,1557590399,1.48e-05,1.506e-05,1.46e-05,1.462e-05,300576
1557590400,1557593999,1.468e-05,1.48e-05,1.439e-05,1.453e-05,276942
1557594000,1557597599,1.452e-05,1.478e-05,1.452e-05,1.477e-05,237746
1557597600,1557601199,1.477e-05,1.525e-05,1.476e-05,1.503e-05,329574
1557601200,1557604799,1.503e-05,1.525e-05,1.467e-05,1.499e-05,172888
1557604800,1557608399,1.495e-05,1.553e-05,1.486e-05,1.501e-05,103743
1557608400,1557611999,1.501e-05,1.514e-05,1.485e-05,1.493e-05,71396
1557612000,1557615599,1.482e-05,1.495e-05,1.442e-05,1.446e-05,294249
1557615600,1557619199,1.449e-05,1.478e-05,1.443e-05,1.444e-05,529024
1557619200,1557622799,1.443e-05,1.449e-05,1.415e-05,1.427e-05,469201
1557622800,1557626399,1.416e-05,1.428e-05,1.413e-05,1.414e-05,155953
1557626400,1557629999,1.414e-05,1.426e-05,1.407e-05,1.409e-05,182862
1557630000,1557633599,1.413e-05,1.416e-05,1.401e-05,1.41e-05,154237
1557633600,1557637199,1.416e-05,1.42e-05,1.403e-05,1.419e-05,110201
1557637200,1557640799,1.42e-05,1.432e-05,1.415e-05,1.43e-05,26240
1557640800,1557644399,1.429e-05,1.445e-05,1.411e-05,1.414e-05,190553
1557644400,1557647999,1.424e-05,1.424e-05,1.398e-05,1.4e-05,200638
1557648000,1557651599,1.4e-05,1.412e-05,1.383e-05,1.391e-05,278685
1557651600,1557655199,1.393e-05,1.395e-05,1.364e-05,1.378e-05,265284
1557655200,1557658799,1.378e-05,1.395e-05,1.369e-05,1.382e-05,139106
1557658800,1557662399,1.377e-05,1.4e-05,1.368e-05,1.387e-05,140191
1557662400,1557665999,1.385e-05,1.395e-05,1.38e-05,1.382e-05,91873
1557666000,1557669599,1.382e-05,1.388e-05,1.374e-05,1.384e-05,62423
1557669600,1557673199,1.386e-05,1.403e-05,1.385e-05,1.394e-05,335983
1557673200,1557676799,1.402e-05,1.414e-05,1.39e-05,1.404e-05,358542
1557676800,1557680399,1.401e-05,1.418e-05,1.392e-05,1.408e-05,399429
1557680400,1557683999,1.407e-05,1.408e-05,1.395e-05,1.402e-05,169680
1557684000,1557687599,1.399e-05,1.402e-05,1.386e-05,1.392e-05,300992
1557687600,1557691199,1.393e-05,1.406e-05,1.39e-05,1.396e-05,81731
1557691200,1557694799,1.392e-05,1.397e-05,1.38e-05,1.38e-05,72070
1557694800,1557698399,1.38e-05,1.397e-05,1.38e-05,1.394e-05,95943
1557698400,1557701999,1.394e-05,1.439e-05,1.394e-05,1.437e-05,602983
1557702000,1557705599,1.424e-05,1.433e-05,1.416e-05,1.42e-05,127343
1557705600,1557709199,1.418e-05,1.446e-05,1.415e-05,1.435e-05,287756
1557709200,1557712799,1.436e-05,1.436e-05,1.415e-05,1.415e-05,93782
1557712800,1557716399,1.417e-05,1.426e-05,1.413e-05,1.422e-05,39128
1557716400,1557719999,1.419e-05,1.425e-05,1.419e-05,1.425e-05,37938
1557720000,1557723599,1.422e-05,1.426e-05,1.42e-05,1.42e-05,28686
1557723600,1557727199,1.421e-05,1.423e-05,1.408e-05,1.417e-05,29989
1557727200,1557730799,1.419e-05,1.425e-05,1.415e-05,1.418e-05,17376
1557730800,1557734399,1.416e-05,1.423e-05,1.415e-05,1.421e-05,41720
1557734400,1557737999,1.421e-05,1.421e-05,1.415e-05,1.418e-05,31452
1557738000,1557741599,1.417e-05,1.418e-05,1.408e-05,1.411e-05,52158
1557741600,1557745199,1.409e-05,1.411e-05,1.402e-05,1.408e-05,163620
1557745200,1557748799,1.407e-05,1.41e-05,1.38e-05,1.384e-05,263240
1557748800,1557752399,1.386e-05,1.386e-05,1.375e-05,1.381e-05,167424
1557752400,1557755999,1.384e-05,1.384e-05,1.363e-05,1.374e-05,351705
1557756000,1557759599,1.37e-05,1.379e-05,1.35e-05,1.351e-05,654120
1557759600,1557763199,1.351e-05,1.355e-05,1.279e-05,1.314e-05,1394649
1557763200,1557766799,1.314e-05,1.324e-05,1.297e-05,1.298e-05,216235
1557766800,1557770399,1.298e-05,1.313e-05,1.29e-05,1.3e-05,493794
1557770400,1557773999,1.298e-05,1.305e-05,1.286e-05,1.29e-05,286164
1557774000,1557777599,1.291e-05,1.298e-05,1.282e-05,1.288e-05,423323
1557777600,1557781199,1.288e-05,1.303e-05,1.282e-05,1.288e-05,244710
1557781200,1557784799,1.288e-05,1.295e-05,1.247e-05,1.25e-05,637447
1557784800,1557788399,1.248e-05,1.275e-05,1.242e-05,1.267e-05,904009
1557788400,1557791999,1.271e-05,1.292e-05,1.27e-05,1.281e-05,574769
1557792000,1557795599,1.276e-05,1.281e-05,1.248e-05,1.26e-05,227869
1557795600,1557799199,1.253e-05,1.308e-05,1.245e-05,1.299e-05,382001
1557799200,1557802799,1.3e-05,1.377e-05,1.293e-05,1.358e-05,684705
1557802800,1557806399,1.361e-05,1.395e-05,1.349e-05,1.394e-05,586857
1557806400,1557809999,1.395e-05,1.436e-05,1.373e-05,1.433e-05,623056
1557810000,1557813599,1.427e-05,1.45e-05,1.381e-05,1.393e-05,844384
1557813600,1557817199,1.395e-05,1.412e-05,1.379e-05,1.386e-05,469766
1557817200,1557820799,1.386e-05,1.39e-05,1.346e-05,1.358e-05,807254
1557820800,1557824399,1.362e-05,1.366e-05,1.325e-05,1.349e-05,294333
1557824400,1557827999,1.345e-05,1.359e-05,1.344e-05,1.359e-05,79605
1557828000,1557831599,1.361e-05,1.362e-05,1.348e-05,1.355e-05,248364
1557831600,1557835199,1.356e-05,1.376e-05,1.356e-05,1.366e-05,241208
1557835200,1557838799,1.366e-05,1.37e-05,1.355e-05,1.364e-05,267828
1557838800,1557842399,1.366e-05,1.378e-05,1.355e-05,1.366e-05,245452
1557842400,1557845999,1.368e-05,1.45e-05,1.366e-05,1.445e-05,836831
1557846000,1557849599,1.45e-05,1.462e-05,1.394e-05,1.394e-05,1227293
1557849600,1557853199,1.399e-05,1.419e-05,1.38e-05,1.404e-05,715565
1557853200,1557856799,1.409e-05,1.427e-05,1.405e-05,1.41e-05,765596
1557856800,1557860399,1.409e-05,1.44e-05,1.401e-05,1.419e-05,713412
1557860400,1557863999,1.423e-05,1.427e-05,1.404e-05,1.414e-05,546923
1557864000,1557867599,1.415e-05,1.439e-05,1.412e-05,1.417e-05,568265
1557867600,1557871199,1.418e-05,1.425e-05,1.398e-05,1.413e-05,572795
1557871200,1557874799,1.414e-05,1.415e-05,1.396e-05,1.401e-05,335672
1557874800,1557878399,1.401e-05,1.431e-05,1.398e-05,1.426e-05,260944
1557878400,1557881999,1.429e-05,1.454e-05,1.414e-05,1.445e-05,469691
1557882000,1557885599,1.441e-05,1.531e-05,1.441e-05,1.496e-05,1531379
1557885600,1557889199,1.493e-05,1.5e-05,1.475e-05,1.498e-05,445425
1557889200,1557892799,1.501e-05,1.52e-05,1.496e-05,1.514e-05,190213
1557892800,1557896399,1.514e-05,1.524e-05,1.495e-05,1.502e-05,255123
1557896400,1557899999,1.5e-05,1.521e-05,1.493e-05,1.518e-05,536234
1557900000,1557903599,1.521e-05,1.54e-05,1.517e-05,1.534e-05,409462
1557903600,1557907199,1.527e-05,1.535e-05,1.498e-05,1.505e-05,282805
1557907200,1557910799,1.497e-05,1.525e-05,1.483e-05,1.513e-05,202393
1557910800,1557914399,1.516e-05,1.544e-05,1.504e-05,1.508e-05,239416
1557914400,1557917999,1.509e-05,1.527e-05,1.505e-05,1.524e-05,179437
1557918000,1557921599,1.516e-05,1.527e-05,1.505e-05,1.509e-05,274077
1557921600,1557925199,1.515e-05,1.515e-05,1.5e-05,1.507e-05,262881
1557925200,1557928799,1.505e-05,1.539e-05,1.501e-05,1.537e-05,389079
1557928800,1557932399,1.535e-05,1.55e-05,1.532e-05,1.536e-05,302095
1557932400,1557935999,1.537e-05,1.557e-05,1.532e-05,1.555e-05,334494
1557936000,1557939599,1.552e-05,1.614e-05,1.55e-05,1.601e-05,1063227
1557939600,1557943199,1.606e-05,1.629e-05,1.58e-05,1.588e-05,1059667
1557943200,1557946799,1.587e-05,1.605e-05,1.563e-05,1.564e-05,663275
1557946800,1557950399,1.559e-05,1.578e-05,1.546e-05,1.55e-05,1288146
1557950400,1557953999,1.547e-05,1.569e-05,1.52e-05,1.563e-05,685739
1557954000,1557957599,1.562e-05,1.61e-05,1.559e-05,1.61e-05,309096
1557957600,1557961199,1.601e-05,1.82e-05,1.594e-05,1.671e-05,694005
1557961200,1557964799,1.67e-05,1.759e-05,1.651e-05,1.739e-05,620122
1557964800,1557968399,1.739e-05,1.952e-05,1.739e-05,1.764e-05,1781330
1557968400,1557971999,1.768e-05,1.882e-05,1.768e-05,1.874e-05,947016
1557972000,1557975599,1.877e-05,1.977e-05,1.832e-05,1.942e-05,1510441
1557975600,1557979199,1.959e-05,2.004e-05,1.841e-05,1.862e-05,1005711
1557979200,1557982799,1.863e-05,1.924e-05,1.752e-05,1.824e-05,1301844
1557982800,1557986399,1.821e-05,1.875e-05,1.814e-05,1.863e-05,949225
1557986400,1557989999,1.861e-05,1.923e-05,1.851e-05,1.916e-05,312485
1557990000,1557993599,1.916e-05,1.963e-05,1.857e-05,1.861e-05,495114
1557993600,1557997199,1.871e-05,1.884e-05,1.831e-05,1.858e-05,502548
1557997200,1558000799,1.861e-05,1.882e-05,1.796e-05,1.796e-05,290987
1558000800,1558004399,1.797e-05,1.808e-05,1.681e-05,1.743e-05,559780
1558004400,1558007999,1.743e-05,1.837e-05,1.741e-05,1.794e-05,754822
1558008000,1558011599,1.786e-05,1.803e-05,1.69e-05,1.698e-05,574045
1558011600,1558015199,1.7e-05,1.733e-05,1.684e-05,1.69e-05,1199876
1558015200,1558018799,1.726e-05,1.802e-05,1.718e-05,1.798e-05,474695
1558018800,1558022399,1.794e-05,1.909e-05,1.794e-05,1.908e-05,699013
1558022400,1558025999,1.908e-05,1.931e-05,1.814e-05,1.814e-05,633964
1558026000,1558029599,1.811e-05,1.839e-05,1.753e-05,1.81e-05,844500
1558029600,1558033199,1.808e-05,1.827e-05,1.752e-05,1.784e-05,475650
1558033200,1558036799,1.784e-05,1.793e-05,1.75e-05,1.772e-05,494189
1558036800,1558040399,1.775e-05,1.796e-05,1.738e-05,1.738e-05,285270
1558040400,1558043999,1.743e-05,1.768e-05,1.717e-05,1.76e-05,777862
1558044000,1558047599,1.762e-05,1.781e-05,1.751e-05,1.751e-05,369277
1558047600,1558051199,1.744e-05,1.765e-05,1.736e-05,1.755e-05,387749
1558051200,1558054799,1.754e-05,1.783e-05,1.742e-05,1.747e-05,389896
1558054800,1558058399,1.746e-05,1.746e-05,1.687e-05,1.699e-05,451918
1558058400,1558061999,1.693e-05,1.724e-05,1.636e-05,1.655e-05,865240
1558062000,1558065599,1.655e-05,1.76e-05,1.655e-05,1.735e-05,1083537
1558065600,1558069199,1.728e-05,1.735e-05,1.717e-05,1.717e-05,319965
1558069200,1558072799,1.717e-05,1.732e-05,1.717e-05,1.718e-05,509694
1558072800,1558076399,1.725e-05,1.741e-05,1.676e-05,1.681e-05,267900
1558076400,1558079999,1.681e-05,1.722e-05,1.679e-05,1.703e-05,156759
1558080000,1558083599,1.716e-05,1.725e-05,1.689e-05,1.698e-05,244804
1558083600,1558087199,1.714e-05,1.716e-05,1.689e-05,1.716e-05,364543
1558087200,1558090799,1.716e-05,1.722e-05,1.681e-05,1.713e-05,381449
1558090800,1558094399,1.714e-05,1.714e-05,1.652e-05,1.687e-05,445951
1558094400,1558097999,1.689e-05,1.711e-05,1.668e-05,1.711e-05,537582
1558098000,1558101599,1.702e-05,1.728e-05,1.696e-05,1.715e-05,224622
1558101600,1558105199,1.726e-05,1.73e-05,1.705e-05,1.708e-05,268128
1558105200,1558108799,1.706e-05,1.718e-05,1.7e-05,1.708e-05,223112
1558108800,1558112399,1.705e-05,1.726e-05,1.686e-05,1.708e-05,505312
1558112400,1558115999,1.708e-05,1.714e-05,1.695e-05,1.698e-05,215630
1558116000,1558119599,1.703e-05,1.706e-05,1.687e-05,1.701e-05,247798
1558119600,1558123199,1.701e-05,1.703e-05,1.688e-05,1.696e-05,82520
1558123200,1558126799,1.692e-05,1.705e-05,1.69e-05,1.7e-05,172127
1558126800,1558130399,1.706e-05,1.766e-05,1.702e-05,1.75e-05,362058
1558130400,1558133999,1.749e-05,1.768e-05,1.736e-05,1.755e-05,633742
1558134000,1558137599,1.755e-05,1.809e-05,1.748e-05,1.793e-05,235497
1558137600,1558141199,1.791e-05,1.868e-05,1.778e-05,1.784e-05,897706
1558141200,1558144799,1.786e-05,1.821e-05,1.785e-05,1.796e-05,315120
1558144800,1558148399,1.795e-05,1.89e-05,1.793e-05,1.886e-05,667536
1558148400,1558151999,1.89e-05,1.923e-05,1.861e-05,1.911e-05,2413844
1558152000,1558155599,1.889e-05,1.917e-05,1.832e-05,1.849e-05,855933
1558155600,1558159199,1.852e-05,1.86e-05,1.808e-05,1.808e-05,349270
1558159200,1558162799,1.813e-05,1.837e-05,1.788e-05,1.803e-05,820982
1558162800,1558166399,1.805e-05,1.828e-05,1.78e-05,1.799e-05,148647
1558166400,1558169999,1.815e-05,1.826e-05,1.802e-05,1.804e-05,169187
1558170000,1558173599,1.805e-05,1.817e-05,1.784e-05,1.817e-05,159296
1558173600,1558177199,1.819e-05,1.827e-05,1.793e-05,1.811e-05,313691
1558177200,1558180799,1.81e-05,1.826e-05,1.804e-05,1.825e-05,257257
1558180800,1558184399,1.825e-05,1.845e-05,1.803e-05,1.833e-05,244201
1558184400,1558187999,1.831e-05,1.836e-05,1.807e-05,1.826e-05,198956
1558188000,1558191599,1.821e-05,1.841e-05,1.814e-05,1.829e-05,97233
1558191600,1558195199,1.83e-05,1.835e-05,1.815e-05,1.826e-05,213049
1558195200,1558198799,1.825e-05,1.825e-05,1.8e-05,1.8e-05,205715
1558198800,1558202399,1.803e-05,1.813e-05,1.793e-05,1.797e-05,185394
1558202400,1558205999,1.795e-05,1.809e-05,1.783e-05,1.804e-05,253906
1558206000,1558209599,1.803e-05,1.812e-05,1.792e-05,1.809e-05,123432
1558209600,1558213199,1.807e-05,1.807e-05,1.787e-05,1.791e-05,95011
1558213200,1558216799,1.789e-05,1.81e-05,1.789e-05,1.807e-05,63458
1558216800,1558220399,1.808e-05,1.829e-05,1.803e-05,1.811e-05,211140
1558220400,1558223999,1.812e-05,1.818e-05,1.8e-05,1.806e-05,93772
1558224000,1558227599,1.808e-05,1.809e-05,1.777e-05,1.787e-05,200125
1558227600,1558231199,1.785e-05,1.795e-05,1.764e-05,1.77e-05,728823
1558231200,1558234799,1.765e-05,1.784e-05,1.748e-05,1.761e-05,707703
1558234800,1558238399,1.764e-05,1.787e-05,1.754e-05,1.765e-05,618228
1558238400,1558241999,1.759e-05,1.766e-05,1.736e-05,1.752e-05,530457
1558242000,1558245599,1.746e-05,1.754e-05,1.729e-05,1.734e-05,380730
1558245600,1558249199,1.734e-05,1.746e-05,1.725e-05,1.745e-05,223351
1558249200,1558252799,1.746e-05,1.785e-05,1.73e-05,1.776e-05,348109
1558252800,1558256399,1.771e-05,1.783e-05,1.75e-05,1.772e-05,90758
1558256400,1558259999,1.768e-05,1.793e-05,1.763e-05,1.786e-05,251218
1558260000,1558263599,1.784e-05,1.791e-05,1.761e-05,1.761e-05,130679
1558263600,1558267199,1.764e-05,1.784e-05,1.749e-05,1.753e-05,299506
1558267200,1558270799,1.754e-05,1.764e-05,1.73e-05,1.73e-05,1141892
1558270800,1558274399,1.749e-05,1.759e-05,1.742e-05,1.751e-05,323393
1558274400,1558277999,1.755e-05,1.765e-05,1.75e-05,1.756e-05,57100
1558278000,1558281599,1.76e-05,1.788e-05,1.737e-05,1.759e-05,932683
1558281600,1558285199,1.764e-05,1.771e-05,1.756e-05,1.763e-05,87673
1558285200,1558288799,1.769e-05,1.784e-05,1.759e-05,1.774e-05,200753
1558288800,1558292399,1.774e-05,1.777e-05,1.762e-05,1.764e-05,144214
1558292400,1558295999,1.765e-05,1.771e-05,1.753e-05,1.757e-05,180855
1558296000,1558299599,1.756e-05,1.76e-05,1.747e-05,1.747e-05,119699
1558299600,1558303199,1.747e-05,1.775e-05,1.746e-05,1.774e-05,177723
1558303200,1558306799,1.772e-05,1.781e-05,1.756e-05,1.761e-05,170501
1558306800,1558310399,1.761e-05,1.767e-05,1.735e-05,1.745e-05,265937
1558310400,1558313999,1.748e-05,1.752e-05,1.717e-05,1.728e-05,397874
1558314000,1558317599,1.725e-05,1.744e-05,1.716e-05,1.722e-05,227364
1558317600,1558321199,1.729e-05,1.729e-05,1.714e-05,1.719e-05,150613
1558321200,1558324799,1.713e-05,1.721e-05,1.698e-05,1.712e-05,189157
1558324800,1558328399,1.718e-05,1.718e-05,1.69e-05,1.704e-05,370494
1558328400,1558331999,1.709e-05,1.716e-05,1.703e-05,1.708e-05,110387
1558332000,1558335599,1.708e-05,1.722e-05,1.703e-05,1.707e-05,136467
1558335600,1558339199,1.707e-05,1.718e-05,1.704e-05,1.71e-05,57346
1558339200,1558342799,1.708e-05,1.712e-05,1.7e-05,1.707e-05,56482
1558342800,1558346399,1.708e-05,1.719e-05,1.704e-05,1.718e-05,67318
1558346400,1558349999,1.715e-05,1.721e-05,1.71e-05,1.71e-05,102318
1558350000,1558353599,1.713e-05,1.72e-05,1.705e-05,1.708e-05,89744
1558353600,1558357199,1.708e-05,1.716e-05,1.695e-05,1.695e-05,63722
1558357200,1558360799,1.698e-05,1.711e-05,1.691e-05,1.706e-05,229663
1558360800,1558364399,1.711e-05,1.717e-05,1.699e-05,1.706e-05,238199
1558364400,1558367999,1.709e-05,1.709e-05,1.694e-05,1.703e-05,122030
1558368000,1558371599,1.707e-05,1.715e-05,1.691e-05,1.695e-05,123288
1558371600,1558375199,1.7e-05,1.703e-05,1.69e-05,1.7e-05,99163
1558375200,1558378799,1.704e-05,1.71e-05,1.69e-05,1.7e-05,228867
1558378800,1558382399,1.7e-05,1.709e-05,1.695e-05,1.705e-05,151092
1558382400,1558385999,1.703e-05,1.722e-05,1.696e-05,1.71e-05,282422
1558386000,1558389599,1.711e-05,1.713e-05,1.681e-05,1.688e-05,457570
1558389600,1558393199,1.689e-05,1.705e-05,1.68e-05,1.702e-05,207363
1558393200,1558396799,1.702e-05,1.705e-05,1.683e-05,1.694e-05,676947
1558396800,1558400399,1.695e-05,1.713e-05,1.695e-05,1.698e-05,144695
1558400400,1558403999,1.697e-05,1.701e-05,1.692e-05,1.695e-05,130738
1558404000,1558407599,1.698e-05,1.699e-05,1.685e-05,1.693e-05,69484
1558407600,1558411199,1.692e-05,1.694e-05,1.675e-05,1.675e-05,80116
1558411200,1558414799,1.675e-05,1.683e-05,1.663e-05,1.678e-05,153297
1558414800,1558418399,1.678e-05,1.685e-05,1.678e-05,1.684e-05,39323
1558418400,1558421999,1.682e-05,1.69e-05,1.681e-05,1.688e-05,105001
1558422000,1558425599,1.69e-05,1.698e-05,1.688e-05,1.688e-05,62371
1558425600,1558429199,1.688e-05,1.701e-05,1.688e-05,1.695e-05,60826
1558429200,1558432799,1.695e-05,1.703e-05,1.693e-05,1.695e-05,56276
1558432800,1558436399,1.697e-05,1.705e-05,1.684e-05,1.7e-05,48817
1558436400,1558439999,1.7e-05,1.705e-05,1.689e-05,1.692e-05,81226
1558440000,1558443599,1.694e-05,1.699e-05,1.684e-05,1.688e-05,102040
1558443600,1558447199,1.69e-05,1.708e-05,1.676e-05,1.686e-05,196986
1558447200,1558450799,1.687e-05,1.693e-05,1.68e-05,1.682e-05,99661
1558450800,1558454399,1.685e-05,1.693e-05,1.678e-05,1.688e-05,122893
1558454400,1558457999,1.688e-05,1.697e-05,1.682e-05,1.691e-05,95868
1558458000,1558461599,1.694e-05,1.701e-05,1.689e-05,1.698e-05,87103
1558461600,1558465199,1.697e-05,1.697e-05,1.676e-05,1.681e-05,187573
1558465200,1558468799,1.686e-05,1.692e-05,1.68e-05,1.69e-05,106675
1558468800,1558472399,1.686e-05,1.69e-05,1.675e-05,1.677e-05,167010
1558472400,1558475999,1.677e-05,1.69e-05,1.675e-05,1.688e-05,165419
1558476000,1558479599,1.69e-05,1.702e-05,1.683e-05,1.691e-05,131431
1558479600,1558483199,1.691e-05,1.694e-05,1.685e-05,1.69e-05,113570
1558483200,1558486799,1.69e-05,1.703e-05,1.686e-05,1.7e-05,65046
1558486800,1558490399,1.7e-05,1.72e-05,1.7e-05,1.703e-05,104590
1558490400,1558493999,1.7e-05,1.702e-05,1.689e-05,1.697e-05,72481
1558494000,1558497599,1.697e-05,1.7e-05,1.69e-05,1.694e-05,101101
1558497600,1558501199,1.695e-05,1.701e-05,1.687e-05,1.692e-05,93920
1558501200,1558504799,1.692e-05,1.694e-05,1.686e-05,1.692e-05,28288
1558504800,1558508399,1.69e-05,1.694e-05,1.683e-05,1.691e-05,63208
1558508400,1558511999,1.69e-05,1.692e-05,1.68e-05,1.686e-05,31083
1558512000,1558515599,1.683e-05,1.685e-05,1.679e-05,1.681e-05,10896
1558515600,1558519199,1.682e-05,1.684e-05,1.676e-05,1.679e-05,12396
1558519200,1558522799,1.682e-05,1.682e-05,1.657e-05,1.657e-05,112477
1558522800,1558526399,1.658e-05,1.661e-05,1.645e-05,1.654e-05,186018
1558526400,1558529999,1.655e-05,1.662e-05,1.653e-05,1.655e-05,47412
1558530000,1558533599,1.655e-05,1.656e-05,1.641e-05,1.649e-05,168514
1558533600,1558537199,1.642e-05,1.651e-05,1.642e-05,1.643e-05,83945
1558537200,1558540799,1.647e-05,1.65e-05,1.639e-05,1.645e-05,100125
1558540800,1558544399,1.648e-05,1.649e-05,1.638e-05,1.64e-05,100230
1558544400,1558547999,1.637e-05,1.642e-05,1.631e-05,1.638e-05,75382
1558548000,1558551599,1.634e-05,1.646e-05,1.63e-05,1.639e-05,244060
1558551600,1558555199,1.64e-05,1.645e-05,1.632e-05,1.639e-05,114909
1558555200,1558558799,1.636e-05,1.643e-05,1.6e-05,1.617e-05,735706
1558558800,1558562399,1.618e-05,1.626e-05,1.585e-05,1.588e-05,370333
1558562400,1558565999,1.589e-05,1.613e-05,1.587e-05,1.609e-05,338578
1558566000,1558569599,1.613e-05,1.625e-05,1.594e-05,1.596e-05,129557
1558569600,1558573199,1.597e-05,1.604e-05,1.586e-05,1.598e-05,219769
1558573200,1558576799,1.598e-05,1.607e-05,1.588e-05,1.588e-05,229090
1558576800,1558580399,1.592e-05,1.612e-05,1.588e-05,1.605e-05,176293
1558580400,1558583999,1.605e-05,1.632e-05,1.596e-05,1.6e-05,215083
1558584000,1558587599,1.602e-05,1.61e-05,1.589e-05,1.598e-05,170584
1558587600,1558591199,1.599e-05,1.602e-05,1.582e-05,1.588e-05,108666
1558591200,1558594799,1.586e-05,1.588e-05,1.569e-05,1.583e-05,97793
1558594800,1558598399,1.583e-05,1.586e-05,1.569e-05,1.571e-05,143014
1558598400,1558601999,1.571e-05,1.578e-05,1.564e-05,1.571e-05,120123
1558602000,1558605599,1.57e-05,1.589e-05,1.566e-05,1.583e-05,171869
1558605600,1558609199,1.584e-05,1.592e-05,1.579e-05,1.589e-05,179794
1558609200,1558612799,1.592e-05,1.596e-05,1.581e-05,1.59e-05,211554
1558612800,1558616399,1.586e-05,1.589e-05,1.58e-05,1.589e-05,76233
1558616400,1558619999,1.589e-05,1.597e-05,1.587e-05,1.597e-05,87789
1558620000,1558623599,1.599e-05,1.6e-05,1.586e-05,1.595e-05,70232
1558623600,1558627199,1.595e-05,1.598e-05,1.59e-05,1.596e-05,93837
1558627200,1558630799,1.596e-05,1.607e-05,1.591e-05,1.603e-05,129778
1558630800,1558634399,1.601e-05,1.605e-05,1.583e-05,1.59e-05,65538
1558634400,1558637999,1.59e-05,1.595e-05,1.575e-05,1.588e-05,224019
1558638000,1558641599,1.587e-05,1.591e-05,1.58e-05,1.584e-05,140490
1558641600,1558645199,1.583e-05,1.587e-05,1.576e-05,1.578e-05,143785
1558645200,1558648799,1.578e-05,1.586e-05,1.57e-05,1.585e-05,158766
1558648800,1558652399,1.584e-05,1.608e-05,1.578e-05,1.593e-05,302692
1558652400,1558655999,1.593e-05,1.597e-05,1.586e-05,1.595e-05,64393
1558656000,1558659599,1.593e-05,1.6e-05,1.587e-05,1.599e-05,93074
1558659600,1558663199,1.598e-05,1.606e-05,1.59e-05,1.59e-05,87337
1558663200,1558666799,1.594e-05,1.598e-05,1.58e-05,1.58e-05,58327
1558666800,1558670399,1.581e-05,1.587e-05,1.576e-05,1.579e-05,97889
1558670400,1558673999,1.578e-05,1.583e-05,1.575e-05,1.575e-05,41435
1558674000,1558677599,1.576e-05,1.578e-05,1.553e-05,1.554e-05,40670
1558677600,1558681199,1.556e-05,1.587e-05,1.553e-05,1.586e-05,187829
1558681200,1558684799,1.587e-05,1.59e-05,1.577e-05,1.585e-05,47681
1558684800,1558688399,1.587e-05,1.596e-05,1.579e-05,1.586e-05,173778
1558688400,1558691999,1.586e-05,1.593e-05,1.579e-05,1.584e-05,36356
1558692000,1558695599,1.583e-05,1.584e-05,1.578e-05,1.581e-05,29424
1558695600,1558699199,1.578e-05,1.604e-05,1.578e-05,1.596e-05,160774
1558699200,1558702799,1.6e-05,1.608e-05,1.596e-05,1.603e-05,95810
1558702800,1558706399,1.607e-05,1.609e-05,1.592e-05,1.592e-05,125669
1558706400,1558709999,1.592e-05,1.597e-05,1.585e-05,1.587e-05,182047
1558710000,1558713599,1.588e-05,1.594e-05,1.582e-05,1.584e-05,190389
1558713600,1558717199,1.588e-05,1.603e-05,1.583e-05,1.593e-05,168128
1558717200,1558720799,1.596e-05,1.609e-05,1.588e-05,1.6e-05,598201
1558720800,1558724399,1.6e-05,1.603e-05,1.583e-05,1.583e-05,94877
1558724400,1558727999,1.583e-05,1.592e-05,1.576e-05,1.583e-05,173228
1558728000,1558731599,1.581e-05,1.59e-05,1.577e-05,1.586e-05,141851
1558731600,1558735199,1.586e-05,1.589e-05,1.573e-05,1.581e-05,101862
1558735200,1558738799,1.584e-05,1.587e-05,1.572e-05,1.573e-05,60969
1558738800,1558742399,1.573e-05,1.578e-05,1.558e-05,1.574e-05,385630
1558742400,1558745999,1.574e-05,1.58e-05,1.568e-05,1.579e-05,401985
1558746000,1558749599,1.577e-05,1.582e-05,1.569e-05,1.581e-05,32768
1558749600,1558753199,1.583e-05,1.588e-05,1.58e-05,1.586e-05,54441
1558753200,1558756799,1.585e-05,1.589e-05,1.582e-05,1.583e-05,76192
1558756800,1558760399,1.584e-05,1.587e-05,1.578e-05,1.583e-05,34559
1558760400,1558763999,1.583e-05,1.587e-05,1.576e-05,1.579e-05,45059
1558764000,1558767599,1.575e-05,1.584e-05,1.575e-05,1.58e-05,71495
1558767600,1558771199,1.579e-05,1.583e-05,1.573e-05,1.579e-05,17152
1558771200,1558774799,1.576e-05,1.579e-05,1.561e-05,1.57e-05,92667
1558774800,1558778399,1.566e-05,1.578e-05,1.566e-05,1.574e-05,17823
1558778400,1558781999,1.573e-05,1.579e-05,1.57e-05,1.578e-05,46810
1558782000,1558785599,1.578e-05,1.581e-05,1.572e-05,1.579e-05,66527
1558785600,1558789199,1.577e-05,1.581e-05,1.572e-05,1.573e-05,59470
1558789200,1558792799,1.575e-05,1.575e-05,1.558e-05,1.559e-05,50687
1558792800,1558796399,1.558e-05,1.565e-05,1.551e-05,1.56e-05,127447
1558796400,1558799999,1.561e-05,1.564e-05,1.557e-05,1.56e-05,110779
1558800000,1558803599,1.56e-05,1.566e-05,1.557e-05,1.559e-05,111323
1558803600,1558807199,1.559e-05,1.566e-05,1.542e-05,1.558e-05,659751
1558807200,1558810799,1.557e-05,1.566e-05,1.557e-05,1.559e-05,31771
1558810800,1558814399,1.56e-05,1.563e-05,1.554e-05,1.555e-05,148275
1558814400,1558817999,1.556e-05,1.559e-05,1.549e-05,1.556e-05,107169
1558818000,1558821599,1.551e-05,1.556e-05,1.547e-05,1.555e-05,40488
1558821600,1558825199,1.555e-05,1.558e-05,1.549e-05,1.549e-05,60826
1558825200,1558828799,1.549e-05,1.557e-05,1.549e-05,1.554e-05,67627
1558828800,1558832399,1.555e-05,1.556e-05,1.546e-05,1.554e-05,34204
1558832400,1558835999,1.551e-05,1.555e-05,1.549e-05,1.555e-05,39602
1558836000,1558839599,1.555e-05,1.555e-05,1.545e-05,1.549e-05,112416
1558839600,1558843199,1.55e-05,1.556e-05,1.541e-05,1.545e-05,86307
1558843200,1558846799,1.548e-05,1.551e-05,1.542e-05,1.545e-05,41795
1558846800,1558850399,1.545e-05,1.559e-05,1.54e-05,1.543e-05,119397
1558850400,1558853999,1.54e-05,1.547e-05,1.537e-05,1.54e-05,83797
1558854000,1558857599,1.541e-05,1.554e-05,1.539e-05,1.551e-05,55671
1558857600,1558861199,1.551e-05,1.559e-05,1.55e-05,1.551e-05,32090
1558861200,1558864799,1.552e-05,1.558e-05,1.551e-05,1.558e-05,35200
1558864800,1558868399,1.559e-05,1.559e-05,1.536e-05,1.536e-05,255987
1558868400,1558871999,1.547e-05,1.55e-05,1.532e-05,1.533e-05,89435
1558872000,1558875599,1.537e-05,1.55e-05,1.533e-05,1.548e-05,87668
1558875600,1558879199,1.547e-05,1.55e-05,1.54e-05,1.544e-05,78487
1558879200,1558882799,1.541e-05,1.555e-05,1.541e-05,1.555e-05,125240
1558882800,1558886399,1.555e-05,1.569e-05,1.54e-05,1.54e-05,714637
1558886400,1558889999,1.538e-05,1.545e-05,1.535e-05,1.545e-05,38586
1558890000,1558893599,1.545e-05,1.548e-05,1.541e-05,1.543e-05,41476
1558893600,1558897199,1.544e-05,1.55e-05,1.54e-05,1.55e-05,31607
1558897200,1558900799,1.553e-05,1.556e-05,1.493e-05,1.51e-05,750423
1558900800,1558904399,1.503e-05,1.542e-05,1.491e-05,1.534e-05,819540
1558904400,1558907999,1.535e-05,1.565e-05,1.525e-05,1.556e-05,277631
1558908000,1558911599,1.551e-05,1.556e-05,1.521e-05,1.526e-05,312336
1558911600,1558915199,1.525e-05,1.544e-05,1.518e-05,1.531e-05,917525
1558915200,1558918799,1.529e-05,1.544e-05,1.494e-05,1.527e-05,982444
1558918800,1558922399,1.524e-05,1.527e-05,1.511e-05,1.513e-05,777200
1558922400,1558925999,1.515e-05,1.54e-05,1.512e-05,1.522e-05,341186
1558926000,1558929599,1.522e-05,1.532e-05,1.517e-05,1.527e-05,330249
1558929600,1558933199,1.53e-05,1.531e-05,1.518e-05,1.52e-05,57394
1558933200,1558936799,1.521e-05,1.529e-05,1.514e-05,1.528e-05,126740
1558936800,1558940399,1.525e-05,1.529e-05,1.521e-05,1.529e-05,115882
1558940400,1558943999,1.524e-05,1.529e-05,1.517e-05,1.519e-05,64322
1558944000,1558947599,1.522e-05,1.527e-05,1.515e-05,1.524e-05,19184
1558947600,1558951199,1.522e-05,1.525e-05,1.52e-05,1.522e-05,75568
1558951200,1558954799,1.521e-05,1.525e-05,1.517e-05,1.517e-05,29232
1558954800,1558958399,1.517e-05,1.528e-05,1.517e-05,1.523e-05,53652
1558958400,1558961999,1.524e-05,1.526e-05,1.506e-05,1.517e-05,303895
1558962000,1558965599,1.515e-05,1.533e-05,1.514e-05,1.533e-05,193810
1558965600,1558969199,1.533e-05,1.559e-05,1.528e-05,1.554e-05,176219
1558969200,1558972799,1.553e-05,1.581e-05,1.553e-05,1.574e-05,748695
1558972800,1558976399,1.573e-05,1.639e-05,1.55e-05,1.551e-05,1966969
1558976400,1558979999,1.55e-05,1.574e-05,1.527e-05,1.545e-05,296456
1558980000,1558983599,1.549e-05,1.564e-05,1.54e-05,1.56e-05,138597
1558983600,1558987199,1.56e-05,1.565e-05,1.548e-05,1.559e-05,123786
1558987200,1558990799,1.56e-05,1.566e-05,1.547e-05,1.557e-05,100591
1558990800,1558994399,1.555e-05,1.569e-05,1.544e-05,1.557e-05,203939
1558994400,1558997999,1.557e-05,1.57e-05,1.551e-05,1.57e-05,121121
1558998000,1559001599,1.569e-05,1.59e-05,1.567e-05,1.571e-05,158543
1559001600,1559005199,1.57e-05,1.61e-05,1.568e-05,1.572e-05,268106
1559005200,1559008799,1.572e-05,1.584e-05,1.57e-05,1.58e-05,122251
1559008800,1559012399,1.576e-05,1.595e-05,1.576e-05,1.582e-05,98049
1559012400,1559015999,1.586e-05,1.588e-05,1.573e-05,1.573e-05,52927
1559016000,1559019599,1.571e-05,1.579e-05,1.55e-05,1.571e-05,233073
1559019600,1559023199,1.574e-05,1.575e-05,1.55e-05,1.556e-05,40983
1559023200,1559026799,1.557e-05,1.567e-05,1.544e-05,1.549e-05,186366
1559026800,1559030399,1.549e-05,1.555e-05,1.547e-05,1.552e-05,80162
1559030400,1559033999,1.558e-05,1.558e-05,1.544e-05,1.547e-05,114874
1559034000,1559037599,1.551e-05,1.563e-05,1.547e-05,1.553e-05,67861
1559037600,1559041199,1.553e-05,1.553e-05,1.541e-05,1.543e-05,55207
1559041200,1559044799,1.543e-05,1.56e-05,1.54e-05,1.56e-05,26692
1559044800,1559048399,1.557e-05,1.56e-05,1.55e-05,1.55e-05,109090
1559048400,1559051999,1.552e-05,1.556e-05,1.535e-05,1.536e-05,242934
1559052000,1559055599,1.536e-05,1.543e-05,1.535e-05,1.537e-05,81407
1559055600,1559059199,1.536e-05,1.559e-05,1.533e-05,1.554e-05,241447
1559059200,1559062799,1.56e-05,1.569e-05,1.547e-05,1.566e-05,357836
1559062800,1559066399,1.571e-05,1.615e-05,1.571e-05,1.6e-05,540693
1559066400,1559069999,1.6e-05,1.611e-05,1.597e-05,1.608e-05,379052
1559070000,1559073599,1.608e-05,1.621e-05,1.596e-05,1.596e-05,884136
1559073600,1559077199,1.599e-05,1.613e-05,1.574e-05,1.612e-05,264350
1559077200,1559080799,1.613e-05,1.62e-05,1.602e-05,1.611e-05,204862
1559080800,1559084399,1.611e-05,1.616e-05,1.595e-05,1.597e-05,122219
1559084400,1559087999,1.598e-05,1.599e-05,1.589e-05,1.599e-05,53386
1559088000,1559091599,1.599e-05,1.599e-05,1.54e-05,1.574e-05,417642
1559091600,1559095199,1.573e-05,1.581e-05,1.571e-05,1.576e-05,79276
1559095200,1559098799,1.578e-05,1.578e-05,1.558e-05,1.567e-05,109624
1559098800,1559102399,1.566e-05,1.573e-05,1.56e-05,1.566e-05,51697
1559102400,1559105999,1.563e-05,1.57e-05,1.552e-05,1.557e-05,188772
1559106000,1559109599,1.557e-05,1.563e-05,1.545e-05,1.552e-05,214455
1559109600,1559113199,1.547e-05,1.566e-05,1.546e-05,1.565e-05,133293
1559113200,1559116799,1.566e-05,1.572e-05,1.561e-05,1.566e-05,94344
1559116800,1559120399,1.566e-05,1.578e-05,1.566e-05,1.57e-05,75840
1559120400,1559123999,1.569e-05,1.581e-05,1.559e-05,1.578e-05,64418
1559124000,1559127599,1.579e-05,1.587e-05,1.573e-05,1.578e-05,25037
1559127600,1559131199,1.578e-05,1.584e-05,1.57e-05,1.575e-05,49805
1559131200,1559134799,1.574e-05,1.596e-05,1.574e-05,1.596e-05,152751
1559134800,1559138399,1.59e-05,1.605e-05,1.583e-05,1.588e-05,236997
1559138400,1559141999,1.587e-05,1.592e-05,1.575e-05,1.585e-05,162676
1559142000,1559145599,1.587e-05,1.596e-05,1.571e-05,1.575e-05,231554
1559145600,1559149199,1.575e-05,1.578e-05,1.564e-05,1.574e-05,115492
1559149200,1559152799,1.574e-05,1.578e-05,1.565e-05,1.57e-05,174802
1559152800,1559156399,1.57e-05,1.577e-05,1.566e-05,1.572e-05,34109
1559156400,1559159999,1.572e-05,1.587e-05,1.572e-05,1.582e-05,43717
1559160000,1559163599,1.585e-05,1.588e-05,1.569e-05,1.574e-05,520691
1559163600,1559167199,1.575e-05,1.583e-05,1.573e-05,1.578e-05,63285
1559167200,1559170799,1.577e-05,1.581e-05,1.573e-05,1.574e-05,45693
1559170800,1559174399,1.574e-05,1.578e-05,1.561e-05,1.561e-05,61603
1559174400,1559177999,1.565e-05,1.583e-05,1.557e-05,1.582e-05,118514
1559178000,1559181599,1.585e-05,1.587e-05,1.566e-05,1.575e-05,89910
1559181600,1559185199,1.567e-05,1.571e-05,1.562e-05,1.567e-05,128113
1559185200,1559188799,1.567e-05,1.595e-05,1.564e-05,1.59e-05,235106
1559188800,1559192399,1.591e-05,1.607e-05,1.59e-05,1.606e-05,158611
1559192400,1559195999,1.606e-05,1.628e-05,1.602e-05,1.604e-05,182292
1559196000,1559199599,1.608e-05,1.622e-05,1.605e-05,1.611e-05,413447
1559199600,1559203199,1.612e-05,1.628e-05,1.61e-05,1.625e-05,90530
1559203200,1559206799,1.625e-05,1.625e-05,1.592e-05,1.606e-05,181200
1559206800,1559210399,1.606e-05,1.612e-05,1.597e-05,1.61e-05,497094
1559210400,1559213999,1.61e-05,1.62e-05,1.608e-05,1.615e-05,98475
1559214000,1559217599,1.616e-05,1.635e-05,1.613e-05,1.63e-05,89516
1559217600,1559221199,1.629e-05,1.65e-05,1.626e-05,1.65e-05,66209
1559221200,1559224799,1.646e-05,1.651e-05,1.632e-05,1.632e-05,221037
1559224800,1559228399,1.633e-05,1.639e-05,1.622e-05,1.628e-05,89003
1559228400,1559231999,1.626e-05,1.626e-05,1.592e-05,1.593e-05,276719
1559232000,1559235599,1.592e-05,1.611e-05,1.571e-05,1.574e-05,786085
1559235600,1559239199,1.574e-05,1.58e-05,1.534e-05,1.578e-05,559968
1559239200,1559242799,1.574e-05,1.579e-05,1.568e-05,1.57e-05,78768
1559242800,1559246399,1.57e-05,1.575e-05,1.56e-05,1.561e-05,133626
1559246400,1559249999,1.558e-05,1.564e-05,1.539e-05,1.539e-05,327459
1559250000,1559253599,1.539e-05,1.556e-05,1.521e-05,1.535e-05,928416
1559253600,1559257199,1.537e-05,1.557e-05,1.531e-05,1.551e-05,306937
1559257200,1559260799,1.553e-05,1.561e-05,1.543e-05,1.559e-05,171057
1559260800,1559264399,1.559e-05,1.563e-05,1.551e-05,1.557e-05,61915
1559264400,1559267999,1.557e-05,1.565e-05,1.547e-05,1.557e-05,232586
1559268000,1559271599,1.556e-05,1.556e-05,1.538e-05,1.552e-05,92496
1559271600,1559275199,1.551e-05,1.551e-05,1.526e-05,1.526e-05,63586
1559275200,1559278799,1.526e-05,1.54e-05,1.522e-05,1.526e-05,126277
1559278800,1559282399,1.526e-05,1.537e-05,1.525e-05,1.526e-05,70790
1559282400,1559285999,1.527e-05,1.539e-05,1.524e-05,1.539e-05,215907
1559286000,1559289599,1.535e-05,1.541e-05,1.527e-05,1.54e-05,61107
1559289600,1559293199,1.54e-05,1.548e-05,1.538e-05,1.542e-05,56467
1559293200,1559296799,1.539e-05,1.547e-05,1.538e-05,1.543e-05,92757
1559296800,1559300399,1.542e-05,1.564e-05,1.536e-05,1.546e-05,807232
1559300400,1559303999,1.547e-05,1.551e-05,1.533e-05,1.539e-05,100689
1559304000,1559307599,1.539e-05,1.55e-05,1.537e-05,1.547e-05,32748
1559307600,1559311199,1.549e-05,1.562e-05,1.548e-05,1.553e-05,151419
1559311200,1559314799,1.549e-05,1.557e-05,1.548e-05,1.55e-05,45106
1559314800,1559318399,1.553e-05,1.556e-05,1.537e-05,1.544e-05,136517
1559318400,1559321999,1.544e-05,1.551e-05,1.533e-05,1.545e-05,87686
1559322000,1559325599,1.538e-05,1.544e-05,1.531e-05,1.536e-05,21263
1559325600,1559329199,1.537e-05,1.547e-05,1.534e-05,1.545e-05,71640
1559329200,1559332799,1.543e-05,1.545e-05,1.539e-05,1.54e-05,32127
1559332800,1559336399,1.539e-05,1.543e-05,1.53e-05,1.538e-05,135990
1559336400,1559339999,1.538e-05,1.558e-05,1.536e-05,1.553e-05,68987
1559340000,1559343599,1.553e-05,1.557e-05,1.549e-05,1.553e-05,42740
1559343600,1559347199,1.553e-05,1.577e-05,1.552e-05,1.561e-05,199383
1559347200,1559350799,1.558e-05,1.571e-05,1.551e-05,1.568e-05,70222
1559350800,1559354399,1.568e-05,1.569e-05,1.553e-05,1.557e-05,87138
1559354400,1559357999,1.561e-05,1.564e-05,1.555e-05,1.564e-05,32703
1559358000,1559361599,1.567e-05,1.569e-05,1.557e-05,1.559e-05,66700
1559361600,1559365199,1.558e-05,1.559e-05,1.551e-05,1.557e-05,46223
1559365200,1559368799,1.559e-05,1.56e-05,1.545e-05,1.547e-05,187432
1559368800,1559372399,1.546e-05,1.551e-05,1.539e-05,1.549e-05,100895
1559372400,1559375999,1.552e-05,1.553e-05,1.541e-05,1.553e-05,34699
1559376000,1559379599,1.554e-05,1.559e-05,1.544e-05,1.557e-05,197982
1559379600,1559383199,1.556e-05,1.558e-05,1.546e-05,1.55e-05,28696
1559383200,1559386799,1.55e-05,1.553e-05,1.546e-05,1.547e-05,14245
1559386800,1559390399,1.548e-05,1.551e-05,1.542e-05,1.547e-05,42470
1559390400,1559393999,1.544e-05,1.546e-05,1.538e-05,1.54e-05,88883
1559394000,1559397599,1.54e-05,1.543e-05,1.535e-05,1.537e-05,37189
1559397600,1559401199,1.537e-05,1.537e-05,1.52e-05,1.526e-05,69798
1559401200,1559404799,1.526e-05,1.533e-05,1.52e-05,1.529e-05,44116
1559404800,1559408399,1.532e-05,1.547e-05,1.528e-05,1.539e-05,76647
1559408400,1559411999,1.54e-05,1.54e-05,1.526e-05,1.536e-05,57684
1559412000,1559415599,1.535e-05,1.542e-05,1.528e-05,1.531e-05,41680
1559415600,1559419199,1.529e-05,1.549e-05,1.523e-05,1.549e-05,169713
1559419200,1559422799,1.546e-05,1.558e-05,1.544e-05,1.555e-05,40104
1559422800,1559426399,1.555e-05,1.571e-05,1.555e-05,1.564e-05,133492
1559426400,1559429999,1.567e-05,1.572e-05,1.561e-05,1.561e-05,59020
1559430000,1559433599,1.562e-05,1.567e-05,1.548e-05,1.549e-05,170510
1559433600,1559437199,1.549e-05,1.562e-05,1.548e-05,1.554e-05,20509
1559437200,1559440799,1.557e-05,1.576e-05,1.55e-05,1.566e-05,52995
1559440800,1559444399,1.566e-05,1.57e-05,1.558e-05,1.562e-05,177250
1559444400,1559447999,1.559e-05,1.562e-05,1.552e-05,1.552e-05,13208
1559448000,1559451599,1.555e-05,1.57e-05,1.552e-05,1.57e-05,13647
1559451600,1559455199,1.566e-05,1.573e-05,1.562e-05,1.567e-05,16018
1559455200,1559458799,1.57e-05,1.577e-05,1.564e-05,1.575e-05,45532
1559458800,1559462399,1.575e-05,1.579e-05,1.564e-05,1.567e-05,89278
1559462400,1559465999,1.567e-05,1.573e-05,1.562e-05,1.572e-05,19726
1559466000,1559469599,1.572e-05,1.576e-05,1.564e-05,1.568e-05,57083
1559469600,1559473199,1.564e-05,1.572e-05,1.563e-05,1.567e-05,21448
1559473200,1559476799,1.568e-05,1.573e-05,1.564e-05,1.572e-05,21235
1559476800,1559480399,1.569e-05,1.572e-05,1.562e-05,1.563e-05,83230
1559480400,1559483999,1.569e-05,1.576e-05,1.564e-05,1.571e-05,76071
1559484000,1559487599,1.57e-05,1.573e-05,1.562e-05,1.564e-05,96746
1559487600,1559491199,1.565e-05,1.583e-05,1.562e-05,1.578e-05,186096
1559491200,1559494799,1.576e-05,1.577e-05,1.565e-05,1.57e-05,87337
1559494800,1559498399,1.57e-05,1.578e-05,1.569e-05,1.576e-05,69168
1559498400,1559501999,1.576e-05,1.579e-05,1.563e-05,1.564e-05,104334
1559502000,1559505599,1.563e-05,1.567e-05,1.556e-05,1.557e-05,37755
1559505600,1559509199,1.561e-05,1.562e-05,1.549e-05,1.549e-05,69205
1559509200,1559512799,1.549e-05,1.56e-05,1.547e-05,1.557e-05,43783
1559512800,1559516399,1.558e-05,1.56e-05,1.553e-05,1.559e-05,22326
1559516400,1559519999,1.559e-05,1.567e-05,1.559e-05,1.566e-05,57946
1559520000,1559523599,1.564e-05,1.565e-05,1.551e-05,1.554e-05,131001
1559523600,1559527199,1.561e-05,1.569e-05,1.556e-05,1.566e-05,68780
1559527200,1559530799,1.566e-05,1.6e-05,1.566e-05,1.599e-05,103800
1559530800,1559534399,1.599e-05,1.612e-05,1.588e-05,1.596e-05,209193
1559534400,1559537999,1.596e-05,1.605e-05,1.595e-05,1.602e-05,48005
1559538000,1559541599,1.603e-05,1.604e-05,1.578e-05,1.586e-05,156040
1559541600,1559545199,1.58e-05,1.595e-05,1.568e-05,1.568e-05,49349
1559545200,1559548799,1.567e-05,1.576e-05,1.562e-05,1.573e-05,102710
1559548800,1559552399,1.573e-05,1.574e-05,1.555e-05,1.555e-05,32928
1559552400,1559555999,1.554e-05,1.565e-05,1.55e-05,1.563e-05,65452
1559556000,1559559599,1.559e-05,1.58e-05,1.559e-05,1.572e-05,44368
1559559600,1559563199,1.572e-05,1.572e-05,1.554e-05,1.556e-05,210773
1559563200,1559566799,1.555e-05,1.568e-05,1.553e-05,1.562e-05,74456
1559566800,1559570399,1.563e-05,1.566e-05,1.555e-05,1.557e-05,20339
1559570400,1559573999,1.555e-05,1.563e-05,1.549e-05,1.552e-05,274288
1559574000,1559577599,1.555e-05,1.563e-05,1.55e-05,1.558e-05,76493
1559577600,1559581199,1.56e-05,1.571e-05,1.555e-05,1.561e-05,39025
1559581200,1559584799,1.555e-05,1.561e-05,1.548e-05,1.556e-05,36698
1559584800,1559588399,1.558e-05,1.559e-05,1.547e-05,1.549e-05,31067
1559588400,1559591999,1.55e-05,1.558e-05,1.546e-05,1.55e-05,35583
1559592000,1559595599,1.551e-05,1.558e-05,1.548e-05,1.557e-05,38811
1559595600,1559599199,1.559e-05,1.563e-05,1.549e-05,1.552e-05,79577
1559599200,1559602799,1.551e-05,1.561e-05,1.548e-05,1.56e-05,64717
1559602800,1559606399,1.56e-05,1.589e-05,1.556e-05,1.574e-05,343044
1559606400,1559609999,1.574e-05,1.578e-05,1.549e-05,1.562e-05,518968
1559610000,1559613599,1.565e-05,1.574e-05,1.554e-05,1.56e-05,228990
1559613600,1559617199,1.562e-05,1.571e-05,1.555e-05,1.568e-05,134163
1559617200,1559620799,1.569e-05,1.569e-05,1.55e-05,1.561e-05,154505
1559620800,1559624399,1.564e-05,1.568e-05,1.552e-05,1.567e-05,196939
1559624400,1559627999,1.566e-05,1.573e-05,1.555e-05,1.558e-05,133645
1559628000,1559631599,1.558e-05,1.562e-05,1.547e-05,1.557e-05,139614
1559631600,1559635199,1.557e-05,1.564e-05,1.555e-05,1.56e-05,53450
1559635200,1559638799,1.56e-05,1.565e-05,1.553e-05,1.556e-05,17244
1559638800,1559642399,1.557e-05,1.564e-05,1.551e-05,1.56e-05,427291
1559642400,1559645999,1.559e-05,1.561e-05,1.552e-05,1.557e-05,40356
1559646000,1559649599,1.557e-05,1.56e-05,1.553e-05,1.558e-05,55590
1559649600,1559653199,1.56e-05,1.562e-05,1.55e-05,1.556e-05,37208
1559653200,1559656799,1.553e-05,1.571e-05,1.553e-05,1.565e-05,70124
1559656800,1559660399,1.569e-05,1.577e-05,1.566e-05,1.571e-05,45060
1559660400,1559663999,1.57e-05,1.579e-05,1.566e-05,1.577e-05,194171
1559664000,1559667599,1.577e-05,1.582e-05,1.567e-05,1.571e-05,56973
1559667600,1559671199,1.567e-05,1.583e-05,1.563e-05,1.572e-05,119014
1559671200,1559674799,1.57e-05,1.581e-05,1.561e-05,1.561e-05,249366
1559674800,1559678399,1.561e-05,1.571e-05,1.556e-05,1.559e-05,137186
1559678400,1559681999,1.56e-05,1.567e-05,1.555e-05,1.561e-05,48237
1559682000,1559685599,1.559e-05,1.565e-05,1.555e-05,1.565e-05,41060
1559685600,1559689199,1.561e-05,1.57e-05,1.555e-05,1.561e-05,291606
1559689200,1559692799,1.559e-05,1.576e-05,1.552e-05,1.576e-05,328067
1559692800,1559696399,1.576e-05,1.579e-05,1.561e-05,1.571e-05,115764
1559696400,1559699999,1.572e-05,1.581e-05,1.56e-05,1.574e-05,140963
1559700000,1559703599,1.57e-05,1.588e-05,1.57e-05,1.583e-05,60953
1559703600,1559707199,1.584e-05,1.587e-05,1.575e-05,1.581e-05,123035
1559707200,1559710799,1.585e-05,1.591e-05,1.579e-05,1.582e-05,53419
1559710800,1559714399,1.583e-05,1.593e-05,1.583e-05,1.585e-05,69771
1559714400,1559717999,1.588e-05,1.588e-05,1.575e-05,1.575e-05,27903
1559718000,1559721599,1.575e-05,1.592e-05,1.575e-05,1.586e-05,100169
1559721600,1559725199,1.585e-05,1.596e-05,1.581e-05,1.595e-05,24270
1559725200,1559728799,1.592e-05,1.603e-05,1.592e-05,1.6e-05,26112
1559728800,1559732399,1.6e-05,1.603e-05,1.589e-05,1.589e-05,27181
1559732400,1559735999,1.588e-05,1.591e-05,1.584e-05,1.586e-05,32562
1559736000,1559739599,1.586e-05,1.594e-05,1.584e-05,1.586e-05,25871
1559739600,1559743199,1.586e-05,1.592e-05,1.576e-05,1.577e-05,93664
1559743200,1559746799,1.576e-05,1.582e-05,1.571e-05,1.575e-05,68226
1559746800,1559750399,1.571e-05,1.579e-05,1.563e-05,1.569e-05,199969
1559750400,1559753999,1.566e-05,1.578e-05,1.566e-05,1.576e-05,49034
1559754000,1559757599,1.577e-05,1.584e-05,1.574e-05,1.576e-05,34648
1559757600,1559761199,1.576e-05,1.576e-05,1.57e-05,1.573e-05,45346
1559761200,1559764799,1.573e-05,1.578e-05,1.569e-05,1.573e-05,60545
1559764800,1559768399,1.573e-05,1.582e-05,1.565e-05,1.58e-05,265443
1559768400,1559771999,1.575e-05,1.583e-05,1.568e-05,1.572e-05,111060
1559772000,1559775599,1.571e-05,1.581e-05,1.568e-05,1.576e-05,75574
1559775600,1559779199,1.574e-05,1.582e-05,1.556e-05,1.557e-05,78580
1559779200,1559782799,1.557e-05,1.566e-05,1.556e-05,1.561e-05,125620
1559782800,1559786399,1.561e-05,1.57e-05,1.556e-05,1.563e-05,51339
1559786400,1559789999,1.563e-05,1.564e-05,1.554e-05,1.556e-05,15471
1559790000,1559793599,1.559e-05,1.561e-05,1.554e-05,1.557e-05,112574
1559793600,1559797199,1.558e-05,1.566e-05,1.556e-05,1.565e-05,24820
1559797200,1559800799,1.565e-05,1.569e-05,1.561e-05,1.566e-05,11843
1559800800,1559804399,1.564e-05,1.573e-05,1.563e-05,1.573e-05,24635
1559804400,1559807999,1.572e-05,1.575e-05,1.567e-05,1.574e-05,33515
1559808000,1559811599,1.572e-05,1.575e-05,1.569e-05,1.57e-05,6870
1559811600,1559815199,1.571e-05,1.572e-05,1.566e-05,1.568e-05,38098
1559815200,1559818799,1.573e-05,1.573e-05,1.559e-05,1.567e-05,325475
1559818800,1559822399,1.566e-05,1.569e-05,1.56e-05,1.564e-05,16512
1559822400,1559825999,1.563e-05,1.567e-05,1.557e-05,1.56e-05,44585
1559826000,1559829599,1.558e-05,1.563e-05,1.556e-05,1.559e-05,41620
1559829600,1559833199,1.557e-05,1.567e-05,1.554e-05,1.566e-05,65984
1559833200,1559836799,1.568e-05,1.574e-05,1.563e-05,1.571e-05,48737
1559836800,1559840399,1.572e-05,1.614e-05,1.571e-05,1.608e-05,198397
1559840400,1559843999,1.609e-05,1.615e-05,1.592e-05,1.593e-05,288095
1559844000,1559847599,1.593e-05,1.594e-05,1.572e-05,1.592e-05,64163
1559847600,1559851199,1.593e-05,1.597e-05,1.586e-05,1.588e-05,67563
1559851200,1559854799,1.587e-05,1.589e-05,1.571e-05,1.583e-05,184005
1559854800,1559858399,1.583e-05,1.596e-05,1.578e-05,1.593e-05,108215
1559858400,1559861999,1.593e-05,1.609e-05,1.589e-05,1.606e-05,92169
1559862000,1559865599,1.606e-05,1.612e-05,1.599e-05,1.607e-05,170718
1559865600,1559869199,1.605e-05,1.607e-05,1.596e-05,1.597e-05,60969
1559869200,1559872799,1.597e-05,1.603e-05,1.597e-05,1.598e-05,69195
1559872800,1559876399,1.603e-05,1.615e-05,1.597e-05,1.61e-05,162720
1559876400,1559879999,1.61e-05,1.617e-05,1.606e-05,1.611e-05,31576
1559880000,1559883599,1.614e-05,1.614e-05,1.608e-05,1.611e-05,24086
1559883600,1559887199,1.61e-05,1.613e-05,1.606e-05,1.61e-05,23117
1559887200,1559890799,1.61e-05,1.612e-05,1.587e-05,1.593e-05,57346
1559890800,1559894399,1.593e-05,1.61e-05,1.584e-05,1.603e-05,72750
1559894400,1559897999,1.604e-05,1.604e-05,1.59e-05,1.592e-05,20983
1559898000,1559901599,1.593e-05,1.6e-05,1.589e-05,1.592e-05,16245
1559901600,1559905199,1.592e-05,1.594e-05,1.588e-05,1.593e-05,23643
1559905200,1559908799,1.593e-05,1.599e-05,1.589e-05,1.598e-05,23915
1559908800,1559912399,1.598e-05,1.618e-05,1.597e-05,1.608e-05,47167
1559912400,1559915999,1.604e-05,1.613e-05,1.601e-05,1.613e-05,39707
1559916000,1559919599,1.611e-05,1.619e-05,1.608e-05,1.617e-05,42091
1559919600,1559923199,1.616e-05,1.624e-05,1.614e-05,1.624e-05,86559
1559923200,1559926799,1.625e-05,1.627e-05,1.604e-05,1.605e-05,99001
1559926800,1559930399,1.608e-05,1.609e-05,1.6e-05,1.604e-05,69216
1559930400,1559933999,1.605e-05,1.607e-05,1.598e-05,1.605e-05,44352
1559934000,1559937599,1.602e-05,1.605e-05,1.593e-05,1.601e-05,94368
1559937600,1559941199,1.604e-05,1.604e-05,1.591e-05,1.604e-05,352995
1559941200,1559944799,1.603e-05,1.61e-05,1.594e-05,1.595e-05,147704
1559944800,1559948399,1.598e-05,1.599e-05,1.592e-05,1.594e-05,32892
1559948400,1559951999,1.592e-05,1.595e-05,1.586e-05,1.592e-05,21407
1559952000,1559955599,1.593e-05,1.599e-05,1.589e-05,1.594e-05,184140
1559955600,1559959199,1.594e-05,1.599e-05,1.593e-05,1.599e-05,103916
1559959200,1559962799,1.598e-05,1.599e-05,1.586e-05,1.589e-05,160144
1559962800,1559966399,1.587e-05,1.592e-05,1.584e-05,1.59e-05,40670
1559966400,1559969999,1.587e-05,1.588e-05,1.583e-05,1.588e-05,34247
1559970000,1559973599,1.587e-05,1.595e-05,1.584e-05,1.59e-05,123233
1559973600,1559977199,1.595e-05,1.596e-05,1.59e-05,1.591e-05,79425
1559977200,1559980799,1.591e-05,1.594e-05,1.586e-05,1.59e-05,12146
1559980800,1559984399,1.59e-05,1.591e-05,1.587e-05,1.587e-05,17535
1559984400,1559987999,1.59e-05,1.592e-05,1.587e-05,1.59e-05,27617
1559988000,1559991599,1.589e-05,1.59e-05,1.587e-05,1.588e-05,9047
1559991600,1559995199,1.589e-05,1.595e-05,1.588e-05,1.594e-05,11162
1559995200,1559998799,1.594e-05,1.599e-05,1.59e-05,1.59e-05,74692
1559998800,1560002399,1.591e-05,1.593e-05,1.584e-05,1.588e-05,19959
1560002400,1560005999,1.585e-05,1.593e-05,1.585e-05,1.589e-05,45346
1560006000,1560009599,1.591e-05,1.591e-05,1.581e-05,1.584e-05,209872
1560009600,1560013199,1.582e-05,1.587e-05,1.574e-05,1.579e-05,98899
1560013200,1560016799,1.576e-05,1.582e-05,1.567e-05,1.576e-05,105807
1560016800,1560020399,1.572e-05,1.575e-05,1.566e-05,1.569e-05,24759
1560020400,1560023999,1.566e-05,1.571e-05,1.566e-05,1.571e-05,147075
1560024000,1560027599,1.568e-05,1.578e-05,1.568e-05,1.574e-05,69098
1560027600,1560031199,1.574e-05,1.589e-05,1.573e-05,1.574e-05,449049
1560031200,1560034799,1.577e-05,1.577e-05,1.567e-05,1.568e-05,11832
1560034800,1560038399,1.569e-05,1.574e-05,1.567e-05,1.568e-05,38735
1560038400,1560041999,1.567e-05,1.569e-05,1.562e-05,1.565e-05,22462
1560042000,1560045599,1.565e-05,1.567e-05,1.563e-05,1.564e-05,63438
1560045600,1560049199,1.563e-05,1.567e-05,1.56e-05,1.562e-05,123483
1560049200,1560052799,1.563e-05,1.567e-05,1.56e-05,1.567e-05,29722
1560052800,1560056399,1.569e-05,1.573e-05,1.563e-05,1.566e-05,74903
1560056400,1560059999,1.566e-05,1.568e-05,1.563e-05,1.564e-05,10487
1560060000,1560063599,1.565e-05,1.569e-05,1.563e-05,1.564e-05,8170
1560063600,1560067199,1.565e-05,1.572e-05,1.564e-05,1.571e-05,8606
1560067200,1560070799,1.574e-05,1.576e-05,1.569e-05,1.569e-05,18925
1560070800,1560074399,1.57e-05,1.576e-05,1.569e-05,1.573e-05,12419
1560074400,1560077999,1.573e-05,1.575e-05,1.572e-05,1.575e-05,14515
1560078000,1560081599,1.575e-05,1.577e-05,1.573e-05,1.576e-05,19091
1560081600,1560085199,1.578e-05,1.585e-05,1.572e-05,1.572e-05,28356
1560085200,1560088799,1.571e-05,1.579e-05,1.565e-05,1.569e-05,37055
1560088800,1560092399,1.569e-05,1.574e-05,1.566e-05,1.571e-05,21622
1560092400,1560095999,1.571e-05,1.577e-05,1.569e-05,1.575e-05,14106
1560096000,1560099599,1.575e-05,1.575e-05,1.555e-05,1.561e-05,142004
1560099600,1560103199,1.561e-05,1.568e-05,1.558e-05,1.565e-05,113272
1560103200,1560106799,1.561e-05,1.563e-05,1.556e-05,1.558e-05,49173
1560106800,1560110399,1.558e-05,1.561e-05,1.548e-05,1.553e-05,165698
1560110400,1560113999,1.553e-05,1.555e-05,1.541e-05,1.546e-05,53047
1560114000,1560117599,1.546e-05,1.553e-05,1.539e-05,1.553e-05,65191
1560117600,1560121199,1.554e-05,1.56e-05,1.549e-05,1.551e-05,79662
1560121200,1560124799,1.551e-05,1.554e-05,1.547e-05,1.554e-05,137819
1560124800,1560128399,1.551e-05,1.556e-05,1.546e-05,1.549e-05,24161
1560128400,1560131999,1.545e-05,1.552e-05,1.541e-05,1.544e-05,15015
1560132000,1560135599,1.542e-05,1.549e-05,1.54e-05,1.543e-05,109522
1560135600,1560139199,1.544e-05,1.551e-05,1.54e-05,1.547e-05,71398
1560139200,1560142799,1.549e-05,1.56e-05,1.547e-05,1.56e-05,17382
1560142800,1560146399,1.559e-05,1.571e-05,1.559e-05,1.566e-05,32247
1560146400,1560149999,1.567e-05,1.573e-05,1.56e-05,1.56e-05,9652
1560150000,1560153599,1.564e-05,1.565e-05,1.555e-05,1.563e-05,30071
1560153600,1560157199,1.562e-05,1.562e-05,1.555e-05,1.558e-05,13959
1560157200,1560160799,1.558e-05,1.56e-05,1.552e-05,1.554e-05,38209
1560160800,1560164399,1.553e-05,1.555e-05,1.546e-05,1.554e-05,8938
1560164400,1560167999,1.552e-05,1.565e-05,1.54e-05,1.547e-05,101594
1560168000,1560171599,1.547e-05,1.556e-05,1.54e-05,1.552e-05,327057
1560171600,1560175199,1.551e-05,1.552e-05,1.543e-05,1.548e-05,30469
1560175200,1560178799,1.547e-05,1.552e-05,1.546e-05,1.549e-05,173466
1560178800,1560182399,1.549e-05,1.555e-05,1.547e-05,1.55e-05,81209
1560182400,1560185999,1.551e-05,1.554e-05,1.545e-05,1.55e-05,42300
1560186000,1560189599,1.55e-05,1.55e-05,1.54e-05,1.541e-05,12713
1560189600,1560193199,1.54e-05,1.545e-05,1.54e-05,1.542e-05,51036
1560193200,1560196799,1.543e-05,1.544e-05,1.54e-05,1.54e-05,51131
1560196800,1560200399,1.54e-05,1.548e-05,1.54e-05,1.542e-05,50831
1560200400,1560203999,1.541e-05,1.546e-05,1.54e-05,1.546e-05,30315
1560204000,1560207599,1.545e-05,1.548e-05,1.541e-05,1.542e-05,90178
1560207600,1560211199,1.542e-05,1.546e-05,1.54e-05,1.543e-05,114218
1560211200,1560214799,1.544e-05,1.545e-05,1.54e-05,1.542e-05,87619
1560214800,1560218399,1.541e-05,1.543e-05,1.536e-05,1.542e-05,72244
1560218400,1560221999,1.538e-05,1.544e-05,1.538e-05,1.541e-05,8482
1560222000,1560225599,1.541e-05,1.542e-05,1.527e-05,1.536e-05,133506
1560225600,1560229199,1.534e-05,1.534e-05,1.522e-05,1.533e-05,271309
1560229200,1560232799,1.531e-05,1.534e-05,1.531e-05,1.531e-05,44403
1560232800,1560236399,1.531e-05,1.534e-05,1.529e-05,1.533e-05,41821
1560236400,1560239999,1.533e-05,1.543e-05,1.53e-05,1.543e-05,46718
1560240000,1560243599,1.542e-05,1.544e-05,1.535e-05,1.54e-05,24439
1560243600,1560247199,1.542e-05,1.542e-05,1.533e-05,1.539e-05,18765
1560247200,1560250799,1.537e-05,1.544e-05,1.531e-05,1.538e-05,53711
1560250800,1560254399,1.539e-05,1.54e-05,1.532e-05,1.533e-05,41152
1560254400,1560257999,1.532e-05,1.54e-05,1.531e-05,1.536e-05,37272
1560258000,1560261599,1.534e-05,1.541e-05,1.533e-05,1.533e-05,113526
1560261600,1560265199,1.533e-05,1.539e-05,1.531e-05,1.538e-05,214008
1560265200,1560268799,1.538e-05,1.54e-05,1.534e-05,1.534e-05,25398
1560268800,1560272399,1.535e-05,1.545e-05,1.534e-05,1.545e-05,29139
1560272400,1560275999,1.543e-05,1.544e-05,1.534e-05,1.541e-05,63286
1560276000,1560279599,1.541e-05,1.55e-05,1.536e-05,1.546e-05,145058
1560279600,1560283199,1.548e-05,1.555e-05,1.542e-05,1.554e-05,114222
1560283200,1560286799,1.554e-05,1.555e-05,1.547e-05,1.554e-05,75484
1560286800,1560290399,1.554e-05,1.558e-05,1.548e-05,1.554e-05,85058
1560290400,1560293999,1.55e-05,1.555e-05,1.547e-05,1.552e-05,43986
1560294000,1560297599,1.552e-05,1.555e-05,1.548e-05,1.552e-05,15358
1560297600,1560301199,1.553e-05,1.554e-05,1.543e-05,1.543e-05,11428
1560301200,1560304799,1.545e-05,1.547e-05,1.54e-05,1.546e-05,123917
1560304800,1560308399,1.546e-05,1.547e-05,1.534e-05,1.538e-05,159160
1560308400,1560311999,1.538e-05,1.543e-05,1.532e-05,1.539e-05,76762
1560312000,1560315599,1.54e-05,1.544e-05,1.535e-05,1.539e-05,97156
1560315600,1560319199,1.541e-05,1.543e-05,1.537e-05,1.54e-05,11104
1560319200,1560322799,1.54e-05,1.542e-05,1.537e-05,1.54e-05,13946
1560322800,1560326399,1.54e-05,1.544e-05,1.537e-05,1.541e-05,14592
1560326400,1560329999,1.541e-05,1.543e-05,1.538e-05,1.54e-05,11878
1560330000,1560333599,1.54e-05,1.573e-05,1.54e-05,1.568e-05,130637
1560333600,1560337199,1.567e-05,1.567e-05,1.555e-05,1.56e-05,28542
1560337200,1560340799,1.56e-05,1.574e-05,1.555e-05,1.572e-05,250375
1560340800,1560344399,1.573e-05,1.576e-05,1.566e-05,1.569e-05,33509
1560344400,1560347999,1.568e-05,1.584e-05,1.568e-05,1.571e-05,176249
1560348000,1560351599,1.571e-05,1.575e-05,1.563e-05,1.568e-05,138344
1560351600,1560355199,1.564e-05,1.567e-05,1.539e-05,1.556e-05,387529
1560355200,1560358799,1.556e-05,1.558e-05,1.553e-05,1.554e-05,84612
1560358800,1560362399,1.557e-05,1.559e-05,1.552e-05,1.553e-05,416658
1560362400,1560365999,1.553e-05,1.559e-05,1.552e-05,1.552e-05,164416
1560366000,1560369599,1.552e-05,1.554e-05,1.546e-05,1.549e-05,107744
1560369600,1560373199,1.549e-05,1.556e-05,1.541e-05,1.554e-05,89843
1560373200,1560376799,1.554e-05,1.559e-05,1.553e-05,1.559e-05,48041
1560376800,1560380399,1.557e-05,1.564e-05,1.552e-05,1.553e-05,143262
1560380400,1560383999,1.553e-05,1.564e-05,1.548e-05,1.563e-05,51537
1560384000,1560387599,1.563e-05,1.567e-05,1.554e-05,1.558e-05,145654
1560387600,1560391199,1.558e-05,1.571e-05,1.557e-05,1.565e-05,75003
1560391200,1560394799,1.565e-05,1.569e-05,1.561e-05,1.563e-05,64715
1560394800,1560398399,1.564e-05,1.564e-05,1.553e-05,1.559e-05,178067
1560398400,1560401999,1.559e-05,1.56e-05,1.553e-05,1.556e-05,12114
1560402000,1560405599,1.557e-05,1.561e-05,1.554e-05,1.558e-05,18117
1560405600,1560409199,1.557e-05,1.558e-05,1.551e-05,1.557e-05,96371
1560409200,1560412799,1.551e-05,1.558e-05,1.55e-05,1.558e-05,32630
1560412800,1560416399,1.559e-05,1.562e-05,1.555e-05,1.56e-05,15971
1560416400,1560419999,1.563e-05,1.567e-05,1.56e-05,1.562e-05,19495
1560420000,1560423599,1.562e-05,1.568e-05,1.562e-05,1.565e-05,21356
1560423600,1560427199,1.565e-05,1.566e-05,1.558e-05,1.558e-05,25290
1560427200,1560430799,1.558e-05,1.566e-05,1.558e-05,1.559e-05,30467
1560430800,1560434399,1.559e-05,1.564e-05,1.556e-05,1.557e-05,125627
1560434400,1560437999,1.56e-05,1.561e-05,1.553e-05,1.556e-05,24353
1560438000,1560441599,1.556e-05,1.556e-05,1.544e-05,1.548e-05,205550
1560441600,1560445199,1.55e-05,1.554e-05,1.547e-05,1.554e-05,36760
1560445200,1560448799,1.554e-05,1.554e-05,1.536e-05,1.539e-05,173135
1560448800,1560452399,1.538e-05,1.54e-05,1.522e-05,1.522e-05,326385
1560452400,1560455999,1.525e-05,1.525e-05,1.509e-05,1.517e-05,211838
1560456000,1560459599,1.519e-05,1.521e-05,1.515e-05,1.52e-05,29700
1560459600,1560463199,1.517e-05,1.521e-05,1.506e-05,1.508e-05,146028
1560463200,1560466799,1.509e-05,1.519e-05,1.509e-05,1.513e-05,128681
1560466800,1560470399,1.514e-05,1.517e-05,1.51e-05,1.515e-05,42258
1560470400,1560473999,1.512e-05,1.517e-05,1.51e-05,1.512e-05,43693
1560474000,1560477599,1.512e-05,1.514e-05,1.505e-05,1.509e-05,74651
1560477600,1560481199,1.509e-05,1.511e-05,1.505e-05,1.511e-05,37161
1560481200,1560484799,1.508e-05,1.513e-05,1.508e-05,1.509e-05,27706
1560484800,1560488399,1.509e-05,1.511e-05,1.502e-05,1.503e-05,90407
1560488400,1560491999,1.503e-05,1.513e-05,1.503e-05,1.512e-05,22954
1560492000,1560495599,1.51e-05,1.512e-05,1.504e-05,1.505e-05,44896
1560495600,1560499199,1.508e-05,1.508e-05,1.494e-05,1.494e-05,54012
1560499200,1560502799,1.498e-05,1.502e-05,1.491e-05,1.497e-05,158946
1560502800,1560506399,1.499e-05,1.499e-05,1.488e-05,1.491e-05,20762
1560506400,1560509999,1.495e-05,1.495e-05,1.476e-05,1.483e-05,83716
1560510000,1560513599,1.482e-05,1.483e-05,1.468e-05,1.469e-05,109777
1560513600,1560517199,1.47e-05,1.47e-05,1.453e-05,1.464e-05,120064
1560517200,1560520799,1.464e-05,1.467e-05,1.45e-05,1.455e-05,218903
1560520800,1560524399,1.454e-05,1.463e-05,1.448e-05,1.454e-05,96518
1560524400,1560527999,1.454e-05,1.457e-05,1.431e-05,1.441e-05,259894
1560528000,1560531599,1.439e-05,1.455e-05,1.436e-05,1.449e-05,560192
1560531600,1560535199,1.449e-05,1.455e-05,1.447e-05,1.447e-05,69204
1560535200,1560538799,1.449e-05,1.454e-05,1.444e-05,1.444e-05,193600
1560538800,1560542399,1.444e-05,1.448e-05,1.433e-05,1.439e-05,121044
1560542400,1560545999,1.442e-05,1.449e-05,1.435e-05,1.437e-05,126825
1560546000,1560549599,1.437e-05,1.441e-05,1.42e-05,1.432e-05,603207
1560549600,1560553199,1.433e-05,1.439e-05,1.43e-05,1.437e-05,242533
1560553200,1560556799,1.436e-05,1.445e-05,1.436e-05,1.441e-05,636368
1560556800,1560560399,1.442e-05,1.453e-05,1.44e-05,1.452e-05,177927
1560560400,1560563999,1.454e-05,1.479e-05,1.446e-05,1.468e-05,254407
1560564000,1560567599,1.468e-05,1.473e-05,1.457e-05,1.461e-05,38982
1560567600,1560571199,1.458e-05,1.463e-05,1.457e-05,1.462e-05,55540
1560571200,1560574799,1.463e-05,1.467e-05,1.457e-05,1.463e-05,308592
1560574800,1560578399,1.463e-05,1.473e-05,1.459e-05,1.471e-05,353629
1560578400,1560581999,1.471e-05,1.471e-05,1.454e-05,1.455e-05,319117
1560582000,1560585599,1.457e-05,1.459e-05,1.448e-05,1.451e-05,55869
1560585600,1560589199,1.452e-05,1.452e-05,1.442e-05,1.443e-05,121477
1560589200,1560592799,1.446e-05,1.446e-05,1.439e-05,1.444e-05,11020
1560592800,1560596399,1.444e-05,1.446e-05,1.437e-05,1.443e-05,34871
1560596400,1560599999,1.442e-05,1.449e-05,1.44e-05,1.445e-05,33939
1560600000,1560603599,1.446e-05,1.452e-05,1.443e-05,1.444e-05,188677
1560603600,1560607199,1.447e-05,1.448e-05,1.439e-05,1.44e-05,41242
1560607200,1560610799,1.442e-05,1.446e-05,1.436e-05,1.442e-05,30791
1560610800,1560614399,1.442e-05,1.442e-05,1.421e-05,1.425e-05,452549
1560614400,1560617999,1.428e-05,1.435e-05,1.422e-05,1.431e-05,155906
1560618000,1560621599,1.428e-05,1.444e-05,1.428e-05,1.436e-05,326311
1560621600,1560625199,1.433e-05,1.439e-05,1.432e-05,1.435e-05,123070
1560625200,1560628799,1.433e-05,1.437e-05,1.425e-05,1.43e-05,107756
1560628800,1560632399,1.43e-05,1.441e-05,1.429e-05,1.434e-05,74758
1560632400,1560635999,1.434e-05,1.441e-05,1.434e-05,1.435e-05,67792
1560636000,1560639599,1.436e-05,1.439e-05,1.433e-05,1.434e-05,70104
1560639600,1560643199,1.433e-05,1.439e-05,1.429e-05,1.438e-05,146052
1560643200,1560646799,1.438e-05,1.441e-05,1.435e-05,1.437e-05,67186
1560646800,1560650399,1.44e-05,1.444e-05,1.411e-05,1.415e-05,343635
1560650400,1560653999,1.414e-05,1.426e-05,1.411e-05,1.423e-05,264978
1560654000,1560657599,1.423e-05,1.426e-05,1.418e-05,1.418e-05,61554
1560657600,1560661199,1.418e-05,1.42e-05,1.411e-05,1.413e-05,124093
1560661200,1560664799,1.411e-05,1.411e-05,1.382e-05,1.382e-05,1358708
1560664800,1560668399,1.385e-05,1.396e-05,1.373e-05,1.39e-05,525443
1560668400,1560671999,1.384e-05,1.406e-05,1.382e-05,1.402e-05,299925
1560672000,1560675599,1.402e-05,1.429e-05,1.397e-05,1.421e-05,518204
1560675600,1560679199,1.423e-05,1.432e-05,1.41e-05,1.419e-05,443211
1560679200,1560682799,1.416e-05,1.42e-05,1.404e-05,1.413e-05,144058
1560682800,1560686399,1.41e-05,1.419e-05,1.407e-05,1.41e-05,60901
1560686400,1560689999,1.411e-05,1.416e-05,1.406e-05,1.412e-05,344891
1560690000,1560693599,1.412e-05,1.414e-05,1.396e-05,1.396e-05,246664
1560693600,1560697199,1.396e-05,1.403e-05,1.387e-05,1.391e-05,268942
1560697200,1560700799,1.392e-05,1.41e-05,1.387e-05,1.408e-05,223018
1560700800,1560704399,1.409e-05,1.452e-05,1.406e-05,1.436e-05,895833
1560704400,1560707999,1.439e-05,1.444e-05,1.425e-05,1.432e-05,227134
1560708000,1560711599,1.435e-05,1.44e-05,1.429e-05,1.436e-05,82878
1560711600,1560715199,1.436e-05,1.448e-05,1.429e-05,1.443e-05,474587
1560715200,1560718799,1.443e-05,1.457e-05,1.43e-05,1.43e-05,408434
1560718800,1560722399,1.431e-05,1.436e-05,1.427e-05,1.427e-05,155253
1560722400,1560725999,1.43e-05,1.433e-05,1.422e-05,1.431e-05,167810
1560726000,1560729599,1.433e-05,1.449e-05,1.431e-05,1.445e-05,210966
1560729600,1560733199,1.445e-05,1.448e-05,1.425e-05,1.428e-05,197028
1560733200,1560736799,1.428e-05,1.428e-05,1.42e-05,1.428e-05,133415
1560736800,1560740399,1.424e-05,1.428e-05,1.419e-05,1.423e-05,296964
1560740400,1560743999,1.42e-05,1.424e-05,1.414e-05,1.416e-05,132916
1560744000,1560747599,1.415e-05,1.416e-05,1.401e-05,1.404e-05,136861
1560747600,1560751199,1.407e-05,1.408e-05,1.401e-05,1.405e-05,66839
1560751200,1560754799,1.406e-05,1.414e-05,1.404e-05,1.409e-05,101034
1560754800,1560758399,1.409e-05,1.412e-05,1.402e-05,1.407e-05,104559
1560758400,1560761999,1.405e-05,1.409e-05,1.401e-05,1.406e-05,34197
1560762000,1560765599,1.406e-05,1.414e-05,1.402e-05,1.406e-05,45237
1560765600,1560769199,1.407e-05,1.407e-05,1.39e-05,1.396e-05,195493
1560769200,1560772799,1.392e-05,1.395e-05,1.386e-05,1.387e-05,196001
1560772800,1560776399,1.389e-05,1.396e-05,1.384e-05,1.388e-05,135967
1560776400,1560779999,1.387e-05,1.391e-05,1.384e-05,1.389e-05,126865
1560780000,1560783599,1.389e-05,1.389e-05,1.38e-05,1.38e-05,103840
1560783600,1560787199,1.379e-05,1.402e-05,1.379e-05,1.39e-05,250888
1560787200,1560790799,1.391e-05,1.396e-05,1.381e-05,1.387e-05,260381
1560790800,1560794399,1.387e-05,1.393e-05,1.383e-05,1.389e-05,194671
1560794400,1560797999,1.389e-05,1.391e-05,1.387e-05,1.387e-05,114488
1560798000,1560801599,1.386e-05,1.389e-05,1.375e-05,1.381e-05,219987
1560801600,1560805199,1.381e-05,1.401e-05,1.371e-05,1.401e-05,286021
1560805200,1560808799,1.4e-05,1.428e-05,1.4e-05,1.41e-05,346092
1560808800,1560812399,1.412e-05,1.412e-05,1.397e-05,1.401e-05,268813
1560812400,1560815999,1.397e-05,1.407e-05,1.378e-05,1.407e-05,820184
1560816000,1560819599,1.401e-05,1.407e-05,1.397e-05,1.403e-05,203386
1560819600,1560823199,1.405e-05,1.409e-05,1.389e-05,1.395e-05,911305
1560823200,1560826799,1.395e-05,1.403e-05,1.394e-05,1.398e-05,122453
1560826800,1560830399,1.398e-05,1.399e-05,1.393e-05,1.397e-05,61636
1560830400,1560833999,1.394e-05,1.398e-05,1.388e-05,1.393e-05,193480
1560834000,1560837599,1.392e-05,1.398e-05,1.388e-05,1.394e-05,67222
1560837600,1560841199,1.394e-05,1.394e-05,1.386e-05,1.389e-05,51231
1560841200,1560844799,1.389e-05,1.396e-05,1.384e-05,1.386e-05,79136
1560844800,1560848399,1.384e-05,1.388e-05,1.382e-05,1.387e-05,53292
1560848400,1560851999,1.386e-05,1.386e-05,1.377e-05,1.38e-05,64764
1560852000,1560855599,1.379e-05,1.382e-05,1.371e-05,1.373e-05,68733
1560855600,1560859199,1.373e-05,1.375e-05,1.367e-05,1.369e-05,84687
1560859200,1560862799,1.367e-05,1.375e-05,1.364e-05,1.372e-05,384511
1560862800,1560866399,1.374e-05,1.379e-05,1.366e-05,1.378e-05,137523
1560866400,1560869999,1.378e-05,1.379e-05,1.362e-05,1.374e-05,202107
1560870000,1560873599,1.375e-05,1.381e-05,1.368e-05,1.372e-05,118540
1560873600,1560877199,1.373e-05,1.375e-05,1.367e-05,1.37e-05,131340
1560877200,1560880799,1.368e-05,1.37e-05,1.363e-05,1.363e-05,161568
1560880800,1560884399,1.366e-05,1.371e-05,1.36e-05,1.362e-05,902718
1560884400,1560887999,1.363e-05,1.367e-05,1.361e-05,1.363e-05,271833
1560888000,1560891599,1.361e-05,1.363e-05,1.358e-05,1.36e-05,137222
1560891600,1560895199,1.358e-05,1.363e-05,1.358e-05,1.362e-05,81330
1560895200,1560898799,1.362e-05,1.369e-05,1.359e-05,1.366e-05,732312
1560898800,1560902399,1.366e-05,1.37e-05,1.359e-05,1.359e-05,212028
1560902400,1560905999,1.359e-05,1.367e-05,1.358e-05,1.358e-05,118568
1560906000,1560909599,1.358e-05,1.363e-05,1.354e-05,1.362e-05,190662
1560909600,1560913199,1.363e-05,1.367e-05,1.359e-05,1.362e-05,267407
1560913200,1560916799,1.362e-05,1.366e-05,1.36e-05,1.364e-05,50090
1560916800,1560920399,1.364e-05,1.364e-05,1.359e-05,1.362e-05,96734
1560920400,1560923999,1.362e-05,1.365e-05,1.361e-05,1.361e-05,64912
1560924000,1560927599,1.363e-05,1.369e-05,1.361e-05,1.364e-05,66490
1560927600,1560931199,1.367e-05,1.374e-05,1.365e-05,1.373e-05,66628
1560931200,1560934799,1.373e-05,1.379e-05,1.37e-05,1.376e-05,103515
1560934800,1560938399,1.375e-05,1.376e-05,1.37e-05,1.373e-05,12626
